id,data,count,created_at
13ed771d-1d83-4a0e-a52e-7e4c7b13ee16,luna.merrow@gmail.com,0,2025-11-01T21:16:21
bb108cd2-29e1-452b-a75a-8cb75d02dd07,darius.venton@yahoo.com,0,2025-11-01T21:16:22
9d381471-7cb5-492c-8d8e-c8fbcdcb6468,kyran.hollis@outlook.com,0,2025-11-01T21:16:23
8e1139ab-875c-4301-92c0-86b361676dcb,marin.soltera@gmail.com,0,2025-11-01T21:16:24
669db903-7b04-4bf7-b0ec-bc87a41cbd75,devon.ralix@yahoo.com,0,2025-11-01T21:16:25
7b3cd24d-0bde-4fd5-a36a-9f38fb582feb,selene.korrin@outlook.com,0,2025-11-01T21:16:26
bec75d7e-cc34-48cc-a864-4e37c2a32fbd,torren.valis@gmail.com,0,2025-11-01T21:16:27
81b5cf22-c56f-4ae1-a319-e57a26013fa4,elara.misten@yahoo.com,0,2025-11-01T21:16:28
6a961639-f7ff-44fa-ae6f-3ba018073233,jaxon.trevyr@outlook.com,0,2025-11-01T21:16:29
382a8751-b6dd-4316-a0bb-a19836cd644b,noelle.varin@gmail.com,0,2025-11-01T21:16:30
64bea1ac-2bac-4b48-a827-288eb0ee1759,astra.melven@yahoo.com,0,2025-11-01T21:16:31
70b80665-10e7-44ae-8417-923660a35816,camden.solvik@outlook.com,0,2025-11-01T21:16:32
3a47d7bd-0278-41cc-9663-8c796ecd056e,lyra.ventris@gmail.com,0,2025-11-01T21:16:33
ca830955-eac9-496f-825b-c1f9502636ac,riven.hollace@yahoo.com,0,2025-11-01T21:16:34
ba1e81a6-0c2d-472c-b884-bf157bf09ada,corin.veldan@outlook.com,0,2025-11-01T21:16:35
fa3fbb9e-2691-4a1d-932d-ca198f936245,mira.solayne@gmail.com,0,2025-11-01T21:16:36
955529b0-27bf-47fc-a3a2-27384a5b71a3,jalen.trystan@yahoo.com,0,2025-11-01T21:16:37
2c11dc64-ea6b-44ab-b27d-6412d6838bd8,talia.vareen@outlook.com,0,2025-11-01T21:16:38
7c7fadb3-3223-4f5f-bc1a-0d54172d5498,orren.kellis@gmail.com,0,2025-11-01T21:16:39
c15b693e-c4b7-4a9f-b542-0f2a095b81cc,sera.valenne@yahoo.com,0,2025-11-01T21:16:40
228b2664-4606-4604-a93a-d0b450ed66e7,alden.ravix@gmail.com,0,2025-11-01T21:16:41
fdc6fb74-6dce-455b-80f3-613df9fa0f3a,briar.solven@yahoo.com,0,2025-11-01T21:16:42
e058067b-1731-461f-9254-202253640e17,corvin.marell@outlook.com,0,2025-11-01T21:16:43
f8ea8c8e-575e-4e09-9f3f-677da1f22cd5,dalen.vorrin@gmail.com,0,2025-11-01T21:16:44
cd6bc7d3-ef2c-47a4-9c27-b9b1602deb2d,elara.novix@yahoo.com,0,2025-11-01T21:16:45
af66b330-27ee-409c-9ee0-923a0bb8af8a,faren.velcor@outlook.com,0,2025-11-01T21:16:46
0a34215e-acce-4b24-8255-8a40060db66d,gavin.terros@gmail.com,0,2025-11-01T21:16:47
dcb86812-0ca9-47d6-b1f1-379a5bae131d,halix.meren@yahoo.com,0,2025-11-01T21:16:48
f9ba59bc-24dd-44e0-8e77-8cf4bbc3b3c6,ivara.sorrin@outlook.com,0,2025-11-01T21:16:49
fde9cedd-e449-4265-9117-9ed63791d1b4,joren.vallis@gmail.com,0,2025-11-01T21:16:50
f9e79c7a-d73b-43a2-a64e-f7cfc5af89fd,kira.malen@yahoo.com,0,2025-11-01T21:16:51
7b051aea-ec0e-4cbe-9649-cf8c55909742,loran.darvek@outlook.com,0,2025-11-01T21:16:52
cdf69fab-27bf-4134-85c2-481b3c5fd29b,mira.soltren@gmail.com,0,2025-11-01T21:16:53
9f7c067e-ae51-410c-9b63-17a4cb24cd56,naelis.vorrik@yahoo.com,0,2025-11-01T21:16:54
4bebea77-8812-46cb-8d0b-b7ebcbcb3184,oren.kallis@outlook.com,0,2025-11-01T21:16:55
c5045519-2094-46dd-a26a-ef04b78fdb8e,pyria.melvon@gmail.com,0,2025-11-01T21:16:56
fd9ea531-b218-4488-836a-3168e5c519fb,quinn.valren@yahoo.com,0,2025-11-01T21:16:57
e5a30f01-48bc-4ac1-a2ed-c363b34c0b85,riven.halcor@outlook.com,0,2025-11-01T21:16:58
2605ffb0-2189-4f34-a566-6af14a2b5626,soren.varin@gmail.com,0,2025-11-01T21:16:59
b4fc1388-892f-4f99-a3b1-3c150edb720e,talia.meress@yahoo.com,0,2025-11-01T21:17:00
733dd8ae-e148-4c52-a278-ab1591d1bc58,ulren.davik@outlook.com,0,2025-11-01T21:17:01
9c63d1f9-b156-42ef-8407-01f272bdd3b0,vaela.sorinn@gmail.com,0,2025-11-01T21:17:02
00c2644b-50a9-4840-be7e-8abf8901e7d5,wrenn.kalvor@yahoo.com,0,2025-11-01T21:17:03
c05e001c-bc18-44a8-ada2-c84ed3d30e18,xarin.tollen@outlook.com,0,2025-11-01T21:17:04
2b7a1a1f-4b0b-4c4b-b223-8eff396c319a,yara.veltris@gmail.com,0,2025-11-01T21:17:05
626f20dc-d25c-41e8-a979-0c2594a268a8,zoren.marvik@yahoo.com,0,2025-11-01T21:17:06
deec286f-2612-4c6e-b75a-f5fa126444d1,astra.volren@outlook.com,0,2025-11-01T21:17:07
d1fd1859-a41f-43bc-94e1-8f5e7ce709dc,bexley.darion@gmail.com,0,2025-11-01T21:17:08
b78d7fae-5848-4bd6-954a-636a43ba6d1c,coren.veltor@yahoo.com,0,2025-11-01T21:17:09
a17db8fe-dc00-47a4-bee0-4a4f460f7852,daria.solven@outlook.com,0,2025-11-01T21:17:10
c91dc182-0dc6-43b0-90e9-fef3c5959c44,elden.travix@gmail.com,0,2025-11-01T21:17:11
9e43e298-a720-4f43-bc45-b5cb74a73030,faela.narven@yahoo.com,0,2025-11-01T21:17:12
8d3e9f54-ddcb-48dc-a831-d3e6319bde42,galen.horvik@outlook.com,0,2025-11-01T21:17:13
1db93bfc-dabe-402c-8df3-207ec4c02aca,halen.veross@gmail.com,0,2025-11-01T21:17:14
24d0c764-2f1c-4f59-a398-4e6ce2850ded,ivren.soltan@yahoo.com,0,2025-11-01T21:17:15
a7123835-983e-4f8f-9e47-619141fdf913,jaxen.varill@outlook.com,0,2025-11-01T21:17:16
88ef353c-6dfd-41a2-8a39-abd624cb4ba6,kalen.dorvis@gmail.com,0,2025-11-01T21:17:17
7f12d3fe-2172-4f89-a495-06e39e6ffe71,lyra.merion@yahoo.com,0,2025-11-01T21:17:18
2abb4775-c35a-405b-a7e3-9e7cbe644c02,marren.volvis@outlook.com,0,2025-11-01T21:17:19
80f9b949-03ef-4a89-a092-55e9295b9000,norin.karris@gmail.com,0,2025-11-01T21:17:20
49817c62-37b1-4f0c-820a-967284913e7f,oren.malver@yahoo.com,0,2025-11-01T21:17:21
878e470c-c807-4974-89b4-27a2742fd635,pyra.solvett@outlook.com,0,2025-11-01T21:17:22
dbe801e2-db97-4cbf-ba82-570bd4c36236,quelan.varron@gmail.com,0,2025-11-01T21:17:23
cb22459f-d1ee-4705-8d47-65efffd19d8f,riven.holtar@yahoo.com,0,2025-11-01T21:17:24
e41a75a2-77f6-4a26-b6ad-27a795e563b9,sorin.mellis@outlook.com,0,2025-11-01T21:17:25
c8795b53-e7df-4f75-b418-651eff7b586e,tarrin.vellor@gmail.com,0,2025-11-01T21:17:26
b0118dad-c7f6-4086-9e55-f5ad10dcf2b4,ulric.davrin@yahoo.com,0,2025-11-01T21:17:27
90af7ded-fa00-4c28-947c-3021aac11b76,vaelis.torvan@outlook.com,0,2025-11-01T21:17:28
a827804d-1ec7-46a4-a14d-31b7cddd97ce,wessa.mirran@gmail.com,0,2025-11-01T21:17:29
b7cca50a-f392-43fb-9fce-e7217b97f456,xalen.jorvik@yahoo.com,0,2025-11-01T21:17:30
196d3d39-b72f-4d9b-8b13-cada482fc11d,yven.solkan@outlook.com,0,2025-11-01T21:17:31
352ab9e2-331c-4cb3-a126-5b7b9441edc5,zaela.korven@gmail.com,0,2025-11-01T21:17:32
a8fdc13c-eb3b-46b0-8df1-a913bf834f06,alix.dorven@yahoo.com,0,2025-11-01T21:17:33
fa794d37-23e7-4b54-8cf4-49f1887c286e,brenna.vallin@outlook.com,0,2025-11-01T21:17:34
32d52d4b-5b6a-4ef0-b4a6-fb9df6003cb7,corvin.hadren@gmail.com,0,2025-11-01T21:17:35
25a046d0-721d-455a-9369-65009b372c4b,dalen.morvik@yahoo.com,0,2025-11-01T21:17:36
da28ce8f-4acb-4e0c-93ea-70b8188dc233,elira.soltan@outlook.com,0,2025-11-01T21:17:37
6b6f0689-100e-4bd7-ad96-8125d6f6b52b,farris.velkan@gmail.com,0,2025-11-01T21:17:38
32a9a7f7-a407-4c83-80a0-13a2e0b377d9,galia.torvik@yahoo.com,0,2025-11-01T21:17:39
d2446f8e-a24f-43a0-9b9c-be36fbd2deed,halden.marvis@outlook.com,0,2025-11-01T21:17:40
3e4c3650-0d7b-4aa6-91bb-0054030afbcf,ivora.soltris@gmail.com,0,2025-11-01T21:17:41
290c7f67-ef29-4727-aa03-8331691fa82c,joran.vellin@yahoo.com,0,2025-11-01T21:17:42
94a67481-a514-460e-8622-c437d7989355,kerrin.dalven@outlook.com,0,2025-11-01T21:17:43
09cbcdea-a79a-416f-aa2e-f7366e5fb962,lorex.marrel@gmail.com,0,2025-11-01T21:17:44
41995950-f854-42ad-905a-b5cbd93c550c,maren.solvik@yahoo.com,0,2025-11-01T21:17:45
6037f3a8-9a3f-458b-abf0-8d9e679848ba,norra.vellis@outlook.com,0,2025-11-01T21:17:46
2a3a5061-4f6d-45e3-b5c7-4c3821c9380f,orven.karris@gmail.com,0,2025-11-01T21:17:47
6aaf2aba-8a0d-4454-9a34-8b478de9af32,pyria.tollen@yahoo.com,0,2025-11-01T21:17:48
aeb65d88-87eb-4fcd-8594-581cd6d8f691,quorin.velran@outlook.com,0,2025-11-01T21:17:49
82607068-ed7c-47cd-830a-040188e61126,rissa.marvell@gmail.com,0,2025-11-01T21:17:50
464c4994-d46a-4d86-82bf-ca509c1dca82,soren.davrix@yahoo.com,0,2025-11-01T21:17:51
b6244d40-3609-4db5-9730-7a3f3a1e1d97,talia.solren@outlook.com,0,2025-11-01T21:17:52
a6651eea-9078-47d3-aac3-7c73001f693f,ulden.varlis@gmail.com,0,2025-11-01T21:17:53
c474afce-5209-4a3c-84c8-7ae7833cf67e,valen.mortin@yahoo.com,0,2025-11-01T21:17:54
bd4e331c-ff03-486d-beed-f51161f6cd7c,wexley.sorvik@outlook.com,0,2025-11-01T21:17:55
b3db5cc4-107c-48a7-95cb-485785a27d43,xira.malvon@gmail.com,0,2025-11-01T21:17:56
c7546409-3168-4c73-a27e-0e220e277924,yorrin.vettin@yahoo.com,0,2025-11-01T21:17:57
c813d873-51ee-4807-8c38-c840e00d5889,zarra.korlex@outlook.com,0,2025-11-01T21:17:58
5dd19846-67c3-4bfb-b3ee-c4a1e8ce00fc,astra.dorvik@gmail.com,0,2025-11-01T21:17:59
e62f4763-18db-4b3a-beb5-9c17d8a73bbf,brixa.solver@yahoo.com,0,2025-11-01T21:18:00
ad5430d9-fedd-49b7-ad5b-40e304d30799,corin.maret@outlook.com,0,2025-11-01T21:18:01
dbe14ed5-a167-42f7-b8ca-ad678db729ec,davin.verlos@gmail.com,0,2025-11-01T21:18:02
c3f66a4b-db42-47e8-8894-de3763bff2bb,elara.nerren@yahoo.com,0,2025-11-01T21:18:03
a3f61541-40dc-4427-9693-6d8a348d334f,ferran.vellis@outlook.com,0,2025-11-01T21:18:04
3f2f7619-e6bb-4154-8f45-30375a8eee29,gavin.soltar@gmail.com,0,2025-11-01T21:18:05
1f1f3311-6326-4058-989d-91cbf4b9b887,halia.varven@yahoo.com,0,2025-11-01T21:18:06
8eeacf6e-400f-4cd1-9018-ccc68e8158f6,ivran.merlin@outlook.com,0,2025-11-01T21:18:07
ee7f2142-1f8d-45a7-9b39-0c2340b1e20a,joren.solkis@gmail.com,0,2025-11-01T21:18:08
39c271f9-a7bb-4286-ba64-659ade0688be,kira.valten@yahoo.com,0,2025-11-01T21:18:09
bd5be922-a7bd-4d31-86cc-253b04533981,larris.dorlin@outlook.com,0,2025-11-01T21:18:10
ab55a0b6-c917-42d4-a143-e4fccbbe2c59,mila.sorven@gmail.com,0,2025-11-01T21:18:11
2745ffa4-9867-428f-9242-d6118d86696d,naven.hallor@yahoo.com,0,2025-11-01T21:18:12
48cbb938-e8df-4cd9-84a4-bdcd6d7131e6,oren.veltris@outlook.com,0,2025-11-01T21:18:13
a995c98a-4d33-4818-a04b-4291bf29786e,pyra.narvin@gmail.com,0,2025-11-01T21:18:14
b961c729-c1dc-41af-98f3-5a5922d905a7,qorin.solvex@yahoo.com,0,2025-11-01T21:18:15
fac353e9-684c-431b-8aea-cbde5fb4b5c4,riven.kalvon@outlook.com,0,2025-11-01T21:18:16
b0309907-6a4e-4a12-a1b3-e9dab145ed57,saria.morrek@gmail.com,0,2025-11-01T21:18:17
c122fac6-bbe3-4505-b369-6d54571459b9,torren.dalvis@yahoo.com,0,2025-11-01T21:18:18
4c814ebf-75a6-49fe-90fe-c07b3f512e82,ulren.merill@outlook.com,0,2025-11-01T21:18:19
44563f77-39fd-4306-a82d-770749dbfd46,vaela.solran@gmail.com,0,2025-11-01T21:18:20
9a48bdf4-019d-4f9f-8a26-2741ef28f3c9,warren.valxis@yahoo.com,0,2025-11-01T21:18:21
3742a262-4645-486e-9547-0ca68ac1b36d,xira.kollin@outlook.com,0,2025-11-01T21:18:22
8f5941b7-64d6-416f-98d3-79e722f39d88,yavin.sorrel@gmail.com,0,2025-11-01T21:18:23
1c21b354-f32f-4b11-8cae-516d7c66cf5d,zaren.holvik@yahoo.com,0,2025-11-01T21:18:24
f80decb8-32bc-4690-a844-638ec10fab36,alric.tervon@outlook.com,0,2025-11-01T21:18:25
4480b8d2-222a-4dbc-8555-8582a3c3d841,brena.dorves@gmail.com,0,2025-11-01T21:18:26
c21d5470-69e3-464e-92b6-c061ed25357f,corlin.marris@yahoo.com,0,2025-11-01T21:18:27
25582cdb-71f5-48ad-a802-c51bcedc21d4,darin.velmor@outlook.com,0,2025-11-01T21:18:28
65185f47-be09-4aa1-9940-3752894acfd7,elissa.valren@gmail.com,0,2025-11-01T21:18:29
413efca0-f73d-41f9-a68c-dc9c3cb961fd,farin.sollex@yahoo.com,0,2025-11-01T21:18:30
8cdc7cfc-5a95-441c-92e4-24be71b6ba9a,goran.nerrin@outlook.com,0,2025-11-01T21:18:31
a0570674-5847-40c9-aa62-10f281f2cf25,halyx.merris@gmail.com,0,2025-11-01T21:18:32
afc41382-18d4-4b9a-9afa-4ed0ed5e9293,ivessa.solkor@yahoo.com,0,2025-11-01T21:18:33
aeeb50b3-f79c-437a-b671-d36ea0184b38,jorvik.valtor@outlook.com,0,2025-11-01T21:18:34
2a1aac8e-84d9-43a0-b60f-4c9ab7007fe1,karris.dorrel@gmail.com,0,2025-11-01T21:18:35
e2be5edc-b788-485d-9db6-9607b6d03c47,loren.mavrin@yahoo.com,0,2025-11-01T21:18:36
6a935628-63b8-4a25-9ebb-5c02580ad543,marra.solkin@outlook.com,0,2025-11-01T21:18:37
209f1e0d-df48-405e-b965-dd0e0f05af34,norris.havren@gmail.com,0,2025-11-01T21:18:38
7c517ef4-22fb-4219-b2af-e34d00739056,orlan.torvex@yahoo.com,0,2025-11-01T21:18:39
e1a4eaad-ed76-41c1-bf6f-0078ab9768a9,pyria.solran@outlook.com,0,2025-11-01T21:18:40
fc949a67-2d49-4516-891e-47fa98f54faa,quellis.darvik@gmail.com,0,2025-11-01T21:18:41
33133cf6-53ca-46ef-9138-2f3d035b7740,riven.narrek@yahoo.com,0,2025-11-01T21:18:42
10e86fd7-08af-4f6c-86b9-886b85287bf8,silan.varrin@outlook.com,0,2025-11-01T21:18:43
d17d51a8-a69a-4891-b464-aba545e6cb7c,tarris.volkan@gmail.com,0,2025-11-01T21:18:44
b6cb5590-65fe-4ddb-b805-b72074143e08,ulrix.solven@yahoo.com,0,2025-11-01T21:18:45
8cef417b-f0c0-4d3e-98e5-660f6ac89922,vessa.marron@outlook.com,0,2025-11-01T21:18:46
6feb6476-9efe-4004-8a73-96e7df63a8ee,wexlin.korren@gmail.com,0,2025-11-01T21:18:47
657267c4-e1a2-4bf2-8a87-d6d37f769483,xaren.sollis@yahoo.com,0,2025-11-01T21:18:48
4aec2720-f096-43e2-a216-958ddb9f2884,yora.davrix@outlook.com,0,2025-11-01T21:18:49
49af48d8-0b68-47d0-9c5b-d9d96aa80cd2,zalen.horvik@gmail.com,0,2025-11-01T21:18:50
ba9a5b4e-758a-478e-adcc-bfeda6c16ac3,alora.solrix@yahoo.com,0,2025-11-01T21:18:51
f190f32d-9479-41f9-a833-89ec9208a086,bennix.marlan@outlook.com,0,2025-11-01T21:18:52
f9d42f95-af2f-4417-bb1a-4c2b930daa67,corven.vetris@gmail.com,0,2025-11-01T21:18:53
738e8e53-da18-4b15-9548-e261639ae1d3,dalor.solthar@yahoo.com,0,2025-11-01T21:18:54
a67eddbb-b933-4d32-908b-ae3869f723a2,elana.dorval@outlook.com,0,2025-11-01T21:18:55
4435cd33-db1c-46a6-8403-4b9cf87be958,farris.marven@gmail.com,0,2025-11-01T21:18:56
519696c5-3ec9-422d-b40f-315aa9aa30a1,goren.solvett@yahoo.com,0,2025-11-01T21:18:57
a8e6ed7f-753b-41dd-9f33-40a75fbe9820,harris.velkon@outlook.com,0,2025-11-01T21:18:58
a5a3c7af-f83e-4dc9-8c8c-db8f2e51e003,ivora.marvik@gmail.com,0,2025-11-01T21:18:59
3bbcfba9-1cf0-44b2-8e4a-d8323e9656ba,jorren.soltek@yahoo.com,0,2025-11-01T21:19:00
fac19456-29ea-48bb-932e-18bf204d4428,kalin.vorrix@outlook.com,0,2025-11-01T21:19:01
466f7051-af7d-4935-972f-e6c33c06a503,lara.solvex@gmail.com,0,2025-11-01T21:19:02
189ed4bb-5e47-4cca-9280-787cf768797f,marris.dolven@yahoo.com,0,2025-11-01T21:19:03
fcda0450-b098-4999-8b07-6e7daa3de9ea,norik.terval@outlook.com,0,2025-11-01T21:19:04
a3af9ce3-f92a-453c-a374-e6aa62f32fba,orla.merrin@gmail.com,0,2025-11-01T21:19:05
62ebce6c-3464-4196-9e00-4d8c23284f0f,pyria.valro@yahoo.com,0,2025-11-01T21:19:06
eb45c62f-aa5d-40d5-88cb-489f49d1d536,quinn.sorvik@outlook.com,0,2025-11-01T21:19:07
67db6060-603a-42f7-9426-8e546c0ef3f3,raven.dalrex@gmail.com,0,2025-11-01T21:19:08
46c4808f-e524-42a1-8429-f9e9dcdce542,silra.morven@yahoo.com,0,2025-11-01T21:19:09
003231d8-66cc-41d6-82de-851be3e29bb1,tornix.solkor@outlook.com,0,2025-11-01T21:19:10
d6079526-9eac-4b5f-a41b-e82b9ae8895b,ulvia.karris@gmail.com,0,2025-11-01T21:19:11
4d82ee28-659a-44c0-9bd2-cebebf3bb8ac,valtor.solris@yahoo.com,0,2025-11-01T21:19:12
5eff9f14-ed5b-49ee-afa5-4429d0c5f237,wessa.martin@outlook.com,0,2025-11-01T21:19:13
c2278012-f385-4d07-a2fe-b435cde70298,xylin.solvar@gmail.com,0,2025-11-01T21:19:14
4cc8567e-c9d8-4d96-8804-09beb30ebe00,yara.vellon@yahoo.com,0,2025-11-01T21:19:15
8cf855b1-c0cc-4a31-b4ee-2772d6aa6eb0,zavin.korrel@outlook.com,0,2025-11-01T21:19:16
2dd9833c-27b6-4532-8c47-5fb425f6f9c4,alden.ravix@outlook.com,0,2025-11-01T21:19:17
85110736-f016-4ed8-b39e-a5439ea30078,briar.solven@gmail.com,0,2025-11-01T21:19:18
0f738b03-6f81-4680-a74c-ebbb7d058485,corvin.marell@gmail.com,0,2025-11-01T21:19:19
e5fca027-81e1-4618-b4b9-bf9ee60464b8,dalen.vorrin@outlook.com,0,2025-11-01T21:19:20
8734cc5c-7df3-4bc5-9211-136455a9dcf0,elara.novix@gmail.com,0,2025-11-01T21:19:21
7ae76651-7773-4f52-aab0-3e52895f33ed,faren.velcor@gmail.com,0,2025-11-01T21:19:22
ea995918-4bc4-41d3-9348-dc5c60c39ead,gavin.terros@outlook.com,0,2025-11-01T21:19:23
97c47a87-4e4d-46fd-859c-2bfa33c844af,halix.meren@gmail.com,0,2025-11-01T21:19:24
6ebb4545-9067-428c-b9b1-e00f86d55a5b,ivara.sorrin@gmail.com,0,2025-11-01T21:19:25
196307f8-eff8-49e9-a183-1a9874e037d7,joren.vallis@outlook.com,0,2025-11-01T21:19:26
9f01424d-0029-4f97-be75-3053f40a6cac,kira.malen@gmail.com,0,2025-11-01T21:19:27
b89f25d7-862b-4e6d-b323-cf88bd2bc4d0,loran.darvek@gmail.com,0,2025-11-01T21:19:28
7c43fe5c-474d-4ad2-bc97-642061f64a6f,mira.soltren@outlook.com,0,2025-11-01T21:19:29
a8833ba0-2017-4883-8a0b-553e8a13306f,naelis.vorrik@gmail.com,0,2025-11-01T21:19:30
f05dad44-f526-41f5-8f63-e7f35cb0c6fc,oren.kallis@gmail.com,0,2025-11-01T21:19:31
c89edafc-ac62-4404-9240-5b554104a7b0,pyria.melvon@outlook.com,0,2025-11-01T21:19:32
6db4aa87-7f41-400a-b098-8f89e1f89496,quinn.valren@gmail.com,0,2025-11-01T21:19:33
08baa0ab-fa67-4e63-b3d3-73cbf6d8d7b8,riven.halcor@gmail.com,0,2025-11-01T21:19:34
b803b398-71f3-4fe7-9e27-fb09e66cfac5,soren.varin@outlook.com,0,2025-11-01T21:19:35
c79ba3de-3cd4-4e7d-b502-ee6126ede295,talia.meress@gmail.com,0,2025-11-01T21:19:36
c35199fb-22d3-48ce-885c-9d227ee5ac74,ulren.davik@gmail.com,0,2025-11-01T21:19:37
764a0e72-ec92-40b2-b2a8-4a20f7df1013,vaela.sorinn@outlook.com,0,2025-11-01T21:19:38
68bdbeae-4760-4376-8b38-b23ea6996444,wrenn.kalvor@gmail.com,0,2025-11-01T21:19:39
272d7786-a5b8-4bbb-97d7-10173ca70031,xarin.tollen@gmail.com,0,2025-11-01T21:19:40
b073cc90-70eb-4780-aa77-86b28e413553,yara.veltris@outlook.com,0,2025-11-01T21:19:41
a58f5d6f-f6ce-4c15-88b3-6ee15f6e6f73,zoren.marvik@gmail.com,0,2025-11-01T21:19:42
c6a5a0b7-1fe0-4d06-939d-d8921a131d13,astra.volren@gmail.com,0,2025-11-01T21:19:43
346b1f31-3fda-40f1-98ec-b6bf94c2e854,bexley.darion@outlook.com,0,2025-11-01T21:19:44
0e857210-6305-4980-82b9-499f1b6de24c,coren.veltor@gmail.com,0,2025-11-01T21:19:45
5fecce9f-1fc9-4102-9822-ba818385622a,daria.solven@gmail.com,0,2025-11-01T21:19:46
0a27f0fe-403b-4667-ba35-4cabb04bbf5c,elden.travix@outlook.com,0,2025-11-01T21:19:47
db5f3a9b-e800-4121-88e5-391c9070bbba,faela.narven@gmail.com,0,2025-11-01T21:19:48
79bd422a-3755-4bf7-aa07-b494808626ea,galen.horvik@gmail.com,0,2025-11-01T21:19:49
b118d5ba-9147-4e84-8330-111a4294e6ac,halen.veross@outlook.com,0,2025-11-01T21:19:50
7fcbb097-ba3d-4df6-adaa-851616f60716,ivren.soltan@gmail.com,0,2025-11-01T21:19:51
78579dee-89f7-419d-a60c-6a63c1be2448,jaxen.varill@gmail.com,0,2025-11-01T21:19:52
d8a74277-108f-4229-ac57-05bfda886211,kalen.dorvis@outlook.com,0,2025-11-01T21:19:53
5c02b3cb-2fe7-4802-97a5-da194b525f44,lyra.merion@gmail.com,0,2025-11-01T21:19:54
58da94da-76f4-405e-95d0-44531c5ab895,marren.volvis@gmail.com,0,2025-11-01T21:19:55
856d152a-f465-4f13-9145-a07063c6d0ff,norin.karris@outlook.com,0,2025-11-01T21:19:56
9c67636a-4081-4076-8c59-f97f3e3052cd,oren.malver@gmail.com,0,2025-11-01T21:19:57
2dc67093-6551-498d-9840-26d5756a0dc2,pyra.solvett@gmail.com,0,2025-11-01T21:19:58
da5b39cd-900b-4337-9d6f-d7c6a02536e5,quelan.varron@outlook.com,0,2025-11-01T21:19:59
9dfba49b-44be-4c55-9ed0-2075132daf89,riven.holtar@gmail.com,0,2025-11-01T21:20:00
1cec31b0-e997-4b1f-8acf-222d0e38f30d,sorin.mellis@gmail.com,0,2025-11-01T21:20:01
1d822310-f1d9-4f34-8f45-a343913fcefd,tarrin.vellor@outlook.com,0,2025-11-01T21:20:02
4ca3d128-efb5-441b-a03d-753fe748525f,ulric.davrin@gmail.com,0,2025-11-01T21:20:03
3fb38ed9-b1d7-4da7-be5f-86d241ab04d2,vaelis.torvan@gmail.com,0,2025-11-01T21:20:04
166dd69a-33a5-437e-91b9-ddc973348af4,wessa.mirran@outlook.com,0,2025-11-01T21:20:05
775a909f-906d-4c67-a11c-4c59391a03d0,xalen.jorvik@gmail.com,0,2025-11-01T21:20:06
ca023fd6-c32a-4618-8603-a5a89f829143,yven.solkan@gmail.com,0,2025-11-01T21:20:07
40eb2b6a-6438-43d2-a24a-f96124f465ac,zaela.korven@outlook.com,0,2025-11-01T21:20:08
f91e4122-6f20-471c-aa30-a3c1f1dfd759,alix.dorven@gmail.com,0,2025-11-01T21:20:09
45102056-e0cd-4783-bce3-af6274a42c23,brenna.vallin@gmail.com,0,2025-11-01T21:20:10
9ce750f3-2354-4e4e-bbf4-e6b24ec7df6c,corvin.hadren@outlook.com,0,2025-11-01T21:20:11
84f39d9c-2f34-4d76-9314-f0e0fa73e84d,dalen.morvik@gmail.com,0,2025-11-01T21:20:12
e830d119-e9fd-4749-aada-70db56112497,elira.soltan@gmail.com,0,2025-11-01T21:20:13
8dfdd3c6-2c69-4721-b990-c61847347064,farris.velkan@outlook.com,0,2025-11-01T21:20:14
f26602ac-d9b2-4f9b-a53b-7e72026d400b,galia.torvik@gmail.com,0,2025-11-01T21:20:15
11ef8ed2-033c-40cc-9d2e-c6ea1a152679,halden.marvis@gmail.com,0,2025-11-01T21:20:16
5c1479f2-6427-41a7-aa59-3bf71878afd6,ivora.soltris@outlook.com,0,2025-11-01T21:20:17
c59da1e5-2786-4fe1-9559-058178835714,joran.vellin@gmail.com,0,2025-11-01T21:20:18
53c5eb90-b7cc-4485-9bf7-1a65c49a8007,kerrin.dalven@gmail.com,0,2025-11-01T21:20:19
5761728e-69b1-4ff7-b5c3-9a25388af306,lorex.marrel@outlook.com,0,2025-11-01T21:20:20
b74a1722-1d0c-451a-b7e4-7debb9ba27a5,maren.solvik@gmail.com,0,2025-11-01T21:20:21
d1111882-4d3e-4306-a651-8b58bb6a7001,norra.vellis@gmail.com,0,2025-11-01T21:20:22
8fe2747f-f90c-46fd-9c0c-970abd184406,orven.karris@outlook.com,0,2025-11-01T21:20:23
a01be019-823b-4356-a447-3b6d9ee63094,pyria.tollen@gmail.com,0,2025-11-01T21:20:24
8ddcb834-8db3-48d6-9461-ee5b389e8e33,quorin.velran@gmail.com,0,2025-11-01T21:20:25
67c3bd4b-069e-4c5f-b7d9-fb3ccbfebd03,rissa.marvell@outlook.com,0,2025-11-01T21:20:26
1aa103c9-1092-4143-a0f4-cf42ec00f84c,soren.davrix@gmail.com,0,2025-11-01T21:20:27
3bd83691-0827-436d-b102-30795aa03257,talia.solren@gmail.com,0,2025-11-01T21:20:28
95e849a2-e0a2-41ab-a3f5-7e06929ef9a9,ulden.varlis@outlook.com,0,2025-11-01T21:20:29
33131478-7e80-4bae-b2e0-766a4b3e7732,valen.mortin@gmail.com,0,2025-11-01T21:20:30
cfd326d4-2c54-4689-9935-5944587e2bdc,wexley.sorvik@gmail.com,0,2025-11-01T21:20:31
434cc853-2f50-4a6a-8293-f9367ed0b52d,xira.malvon@outlook.com,0,2025-11-01T21:20:32
a8a149b8-9467-4d3c-9965-52c5e5205f18,yorrin.vettin@gmail.com,0,2025-11-01T21:20:33
4d625658-808c-411e-a2d0-bcad1f41aa5f,zarra.korlex@gmail.com,0,2025-11-01T21:20:34
2c559798-29ab-4b18-9bb2-40a6a9cea86a,astra.dorvik@outlook.com,0,2025-11-01T21:20:35
ad5ea5bc-b4d3-40e1-9dde-7ced5a52ddd1,brixa.solver@gmail.com,0,2025-11-01T21:20:36
3713d1a0-4f2a-46a4-bfdf-3c9bcba6738b,corin.maret@gmail.com,0,2025-11-01T21:20:37
49ced898-2c0a-4388-aa0d-a9f34da4aeab,davin.verlos@outlook.com,0,2025-11-01T21:20:38
ccf5f751-7cd7-401f-853b-cdfba0e6854d,elara.nerren@gmail.com,0,2025-11-01T21:20:39
5b0569d3-6a42-4b4b-9e3a-0faefe700ef8,ferran.vellis@gmail.com,0,2025-11-01T21:20:40
788e43d9-ba66-49f2-bc17-36b81958d98e,gavin.soltar@outlook.com,0,2025-11-01T21:20:41
d7df2a54-d65f-43e3-9d36-136cb0978d5f,halia.varven@gmail.com,0,2025-11-01T21:20:42
41e8b63a-5488-40f8-a361-7c5e7a996541,ivran.merlin@gmail.com,0,2025-11-01T21:20:43
9118ac45-e140-4c84-8bd8-c33d1a0233ab,joren.solkis@outlook.com,0,2025-11-01T21:20:44
a194b39e-79e2-4864-a649-e0207c44fefe,kira.valten@gmail.com,0,2025-11-01T21:20:45
c31fc11d-e69d-4b3c-a76c-7bad01286ed3,larris.dorlin@gmail.com,0,2025-11-01T21:20:46
d26a1664-d4a3-4adb-bf48-1396eb32e1a3,mila.sorven@outlook.com,0,2025-11-01T21:20:47
cc250401-fdca-493d-991c-3d41952fe9aa,naven.hallor@gmail.com,0,2025-11-01T21:20:48
e5756d86-a9e1-4f53-ba8f-ec9e293bb667,oren.veltris@gmail.com,0,2025-11-01T21:20:49
52716512-2de3-45c3-b2da-fcb34dc0e59b,pyra.narvin@outlook.com,0,2025-11-01T21:20:50
02150027-a38d-4f8b-bce9-7e7fed583901,qorin.solvex@gmail.com,0,2025-11-01T21:20:51
c40233bf-8540-466e-9839-0223e83c1a96,riven.kalvon@gmail.com,0,2025-11-01T21:20:52
291565bb-afae-44c2-a22c-e5f6860d5ec3,saria.morrek@outlook.com,0,2025-11-01T21:20:53
d7f901c1-8926-449e-a522-0835da3805a6,torren.dalvis@gmail.com,0,2025-11-01T21:20:54
0a8cf006-3da6-4ae4-a564-393548d351a1,ulren.merill@gmail.com,0,2025-11-01T21:20:55
16bf210e-6a29-452d-b63a-89f558d20074,vaela.solran@outlook.com,0,2025-11-01T21:20:56
410a2a37-9cff-478c-8595-995b0bd337e8,warren.valxis@gmail.com,0,2025-11-01T21:20:57
ff5b7617-8d3a-413b-9437-0d0958fd02f8,xira.kollin@gmail.com,0,2025-11-01T21:20:58
c3511231-8865-4b9f-a895-b45871b77602,yavin.sorrel@outlook.com,0,2025-11-01T21:20:59
5dd60e6e-e8ae-49b3-907e-faad62792838,zaren.holvik@gmail.com,0,2025-11-01T21:21:00
131bb1f9-3fed-4a3d-8751-c32425e5abb9,alric.tervon@gmail.com,0,2025-11-01T21:21:01
b259db35-c09e-4bee-8ac5-fee8f769643b,brena.dorves@outlook.com,0,2025-11-01T21:21:02
dd26c21e-544d-43a3-a530-cccb96e782d5,corlin.marris@gmail.com,0,2025-11-01T21:21:03
f2565bec-0c53-4e15-8f45-1136f6c9e2db,darin.velmor@gmail.com,0,2025-11-01T21:21:04
41d28216-c74b-45ba-9fda-94fd0e8ccdb6,elissa.valren@outlook.com,0,2025-11-01T21:21:05
4e1727e7-90b5-4d41-b9b0-bdeb8bcc4fd3,farin.sollex@gmail.com,0,2025-11-01T21:21:06
5308211a-9f2c-48dd-bbb7-0ca8690f244c,goran.nerrin@gmail.com,0,2025-11-01T21:21:07
bf5f3d61-28e2-465f-ab7b-3492334afaaf,halyx.merris@outlook.com,0,2025-11-01T21:21:08
ad78e87a-e648-45cc-b418-b2b507448f08,ivessa.solkor@gmail.com,0,2025-11-01T21:21:09
243ae552-9112-4af2-a401-bd6f45ffec04,jorvik.valtor@gmail.com,0,2025-11-01T21:21:10
3f262bb5-a3ec-4d60-869e-212ff154bd22,karris.dorrel@outlook.com,0,2025-11-01T21:21:11
a1925355-2846-433e-8d2c-d09c3a01292a,loren.mavrin@gmail.com,0,2025-11-01T21:21:12
4187c527-8137-4ccf-b5b7-b023ec27fcbe,marra.solkin@gmail.com,0,2025-11-01T21:21:13
b8b7a646-9903-44a7-b003-4fcc1d494779,norris.havren@outlook.com,0,2025-11-01T21:21:14
97a8a3f5-7ece-4dd6-9a0b-c80edcd7f40d,orlan.torvex@gmail.com,0,2025-11-01T21:21:15
81f688ac-64ae-4595-b0e3-e46514a11ffd,pyria.solran@gmail.com,0,2025-11-01T21:21:16
ce01409e-d988-4e85-a91d-77c3d6f6b47c,quellis.darvik@outlook.com,0,2025-11-01T21:21:17
2e31fd7a-f75c-40e4-bed5-79a604adad6f,riven.narrek@gmail.com,0,2025-11-01T21:21:18
f88f680e-7fc9-4deb-be06-c5b7328bcd88,silan.varrin@gmail.com,0,2025-11-01T21:21:19
a41c30d1-a90c-46cf-8ed7-0f9dca1bb19e,tarris.volkan@outlook.com,0,2025-11-01T21:21:20
05d153ed-682b-4f37-a9dd-c901b74d46ac,ulrix.solven@gmail.com,0,2025-11-01T21:21:21
80443f9f-df71-490e-9d7e-50354b8233a5,vessa.marron@gmail.com,0,2025-11-01T21:21:22
01c00654-1f54-4242-bb28-9278027b5fbe,wexlin.korren@outlook.com,0,2025-11-01T21:21:23
50c1897a-a690-413c-9701-62964b866a47,xaren.sollis@gmail.com,0,2025-11-01T21:21:24
18f52087-9ae6-42b9-8632-e1b6333dba7c,yora.davrix@gmail.com,0,2025-11-01T21:21:25
86d8bc58-8758-46c9-87c9-4b2c0d7cac10,zalen.horvik@outlook.com,0,2025-11-01T21:21:26
5e075ded-7ee7-4bd3-b5e3-15061cb805d7,alora.solrix@gmail.com,0,2025-11-01T21:21:27
5cc5c131-cf57-47c9-899c-553442e13558,bennix.marlan@gmail.com,0,2025-11-01T21:21:28
a97d8b83-6880-458b-80dd-98b115f29dfe,corven.vetris@outlook.com,0,2025-11-01T21:21:29
2d2a12ee-d631-48d6-8af0-2fb1ea23774b,dalor.solthar@gmail.com,0,2025-11-01T21:21:30
447457f6-6390-4dab-9978-bbb494555485,elana.dorval@gmail.com,0,2025-11-01T21:21:31
e9301f91-425a-496c-81bf-d2a615c19e72,farris.marven@outlook.com,0,2025-11-01T21:21:32
6fb11bff-3d59-479d-9805-9b5e004f60f8,goren.solvett@gmail.com,0,2025-11-01T21:21:33
bd21300e-e1a4-4101-8fd2-8d47f056de41,harris.velkon@gmail.com,0,2025-11-01T21:21:34
bfb49f37-159d-4a0a-895d-a1bf3d7f9980,ivora.marvik@outlook.com,0,2025-11-01T21:21:35
34c5e22d-b03a-4747-bc57-35f086016d80,jorren.soltek@gmail.com,0,2025-11-01T21:21:36
6aad34a8-81d1-4676-b2c6-ebd07c047c8f,kalin.vorrix@gmail.com,0,2025-11-01T21:21:37
f2c7ce2d-ceab-449a-aed6-fbffa1fe4680,lara.solvex@outlook.com,0,2025-11-01T21:21:38
161a25f2-c5d9-4d18-b26c-66e1dc2d1277,marris.dolven@gmail.com,0,2025-11-01T21:21:39
5c86b95d-9cfe-40b1-a7f3-ff4c5a39d317,norik.terval@gmail.com,0,2025-11-01T21:21:40
e4e065a3-c20c-4507-bffc-2d038a4e62ba,orla.merrin@outlook.com,0,2025-11-01T21:21:41
f77ae2da-5bab-4638-bcc3-b997e1aebfad,pyria.valro@gmail.com,0,2025-11-01T21:21:42
4359c9a0-22c4-4bc7-83e4-728ec31e0e71,quinn.sorvik@gmail.com,0,2025-11-01T21:21:43
5c04cd9c-9d3a-49ab-ab20-52b92d6272a6,raven.dalrex@outlook.com,0,2025-11-01T21:21:44
3d6e341b-5064-4f6c-a0c7-2e42c0816ac6,silra.morven@gmail.com,0,2025-11-01T21:21:45
a0627cb6-6bd7-419f-8d68-f0050ad6aced,tornix.solkor@gmail.com,0,2025-11-01T21:21:46
5fe69210-8cd2-4cf1-bca4-8ffe0e60d946,ulvia.karris@outlook.com,0,2025-11-01T21:21:47
5f9e7ba3-5fd1-494d-9d00-315e3790ff3b,valtor.solris@gmail.com,0,2025-11-01T21:21:48
4590c750-44f2-4f5d-a487-2360c7118a8e,wessa.martin@gmail.com,0,2025-11-01T21:21:49
a5afdfc2-de8c-4590-900d-8845d1d4e658,xylin.solvar@outlook.com,0,2025-11-01T21:21:50
a8c5739d-023a-4233-aa4e-29b236ab1792,yara.vellon@gmail.com,0,2025-11-01T21:21:51
715ff115-dc72-43d9-b4d6-26ccffff36ec,zavin.korrel@gmail.com,0,2025-11-01T21:21:52
12b920b1-fcf8-42eb-bb1f-7b9e8b586166,alven.marix@gmail.com,0,2025-11-01T21:21:53
385902b5-4e89-4ef4-ae1c-ad6a1f55ad21,brixon.selvar@yahoo.com,0,2025-11-01T21:21:54
36608d3f-a485-4cba-a513-acde4dd9effc,corra.vollin@outlook.com,0,2025-11-01T21:21:55
d3a3c0e0-8ab4-432f-93f1-c6638f640792,darin.solvett@gmail.com,0,2025-11-01T21:21:56
ffea6be4-cb3d-4196-a51d-14dab502dc58,elkin.marvos@yahoo.com,0,2025-11-01T21:21:57
ced65fee-f4ba-4e5d-9fe2-9bcbfccb4dfa,ferran.solner@outlook.com,0,2025-11-01T21:21:58
f3735576-971b-4349-90c4-28684300aa23,garen.valvik@gmail.com,0,2025-11-01T21:21:59
1f5a168c-2a80-4abe-a024-f9584487dfa8,halis.merlon@yahoo.com,0,2025-11-01T21:22:00
4edbcdee-e8f3-4157-ad3b-254959232236,ivra.dorvik@outlook.com,0,2025-11-01T21:22:01
0d58bcd2-c53e-425c-aa4a-4e5861ba27ed,jorvis.solran@gmail.com,0,2025-11-01T21:22:02
088bc6cd-f79b-46fc-a36d-6d490877c35b,kalex.marvin@yahoo.com,0,2025-11-01T21:22:03
379615b9-b840-4c03-95bc-7a000f4ce28b,lorin.vettar@outlook.com,0,2025-11-01T21:22:04
61f369dc-c213-4f6d-8f94-9e9602bb875c,mira.solmik@gmail.com,0,2025-11-01T21:22:05
067a9f40-1219-4464-9773-def8dfe7768d,norian.valter@yahoo.com,0,2025-11-01T21:22:06
b09c39be-dec5-4e88-874b-d685e875d62b,orlen.karris@outlook.com,0,2025-11-01T21:22:07
52acb65c-ac2f-415a-83a3-602e0eca728e,pyra.solvix@gmail.com,0,2025-11-01T21:22:08
35772854-2289-40b8-80ee-9d6b08b7b010,qarris.morlin@yahoo.com,0,2025-11-01T21:22:09
aa0004e1-4e61-4960-a4a1-a324a942d8e5,raven.darvex@outlook.com,0,2025-11-01T21:22:10
ca7291cd-c672-4b99-a85a-d753110b221c,sorin.solvar@gmail.com,0,2025-11-01T21:22:11
624c9b91-5200-4115-8015-16fd18af7b7b,tallax.vorrin@yahoo.com,0,2025-11-01T21:22:12
70cdcb38-a1bd-4ce9-8cfb-1a3ca0d0b603,ulven.kalrix@outlook.com,0,2025-11-01T21:22:13
07462001-a26c-47f7-ad1d-5ad8897854b3,varen.soltra@gmail.com,0,2025-11-01T21:22:14
1c210189-fd90-4e50-88e3-7d7da90a8210,weslin.marross@yahoo.com,0,2025-11-01T21:22:15
064c96f3-b8c8-4925-8130-4a993d5c1d14,xorin.soltek@outlook.com,0,2025-11-01T21:22:16
5892afbd-fa3e-49a8-803a-448cd641148d,yessa.torvin@gmail.com,0,2025-11-01T21:22:17
6537de4f-933e-4dcc-8983-4cfbc75281c6,zorren.valros@yahoo.com,0,2025-11-01T21:22:18
b0c922ac-abe7-4f97-9418-aa1700868eed,alrix.sorvik@outlook.com,0,2025-11-01T21:22:19
8121a483-467f-48c9-866b-ed047ca3d8b8,berra.vollis@gmail.com,0,2025-11-01T21:22:20
341677b4-2c57-4761-93f9-5a64c11a5732,corvin.malkor@yahoo.com,0,2025-11-01T21:22:21
99df5689-5494-4c9e-8a27-36d7f6be1c2c,darris.holvik@outlook.com,0,2025-11-01T21:22:22
e94e2c2e-47b6-43bb-bcaf-81502f129a83,elora.valnes@gmail.com,0,2025-11-01T21:22:23
dc9504d7-b124-416c-aedf-13d2238da031,felin.sorrel@yahoo.com,0,2025-11-01T21:22:24
ae3b8a9d-c1ae-47b6-8e9c-9ced2861f953,garrin.solvar@outlook.com,0,2025-11-01T21:22:25
43284a4e-66bf-4789-b0e6-6b5528eb563e,halden.vorrel@gmail.com,0,2025-11-01T21:22:26
4d636312-b846-4c41-9702-44383542a7d5,ivlen.marris@yahoo.com,0,2025-11-01T21:22:27
ba6357a4-9901-4063-89f8-55c8ab4f725c,jora.soltris@outlook.com,0,2025-11-01T21:22:28
c4aadd2d-8700-442e-be9c-ae90bdf15d71,kalen.dorvik@gmail.com,0,2025-11-01T21:22:29
9a4376ef-e83f-431f-9fba-1fbf05130cda,lira.meross@yahoo.com,0,2025-11-01T21:22:30
e1572244-2249-433e-8150-c81d52897371,mavel.solvon@outlook.com,0,2025-11-01T21:22:31
b9663777-f91c-4f4f-a8f3-ad92a3b95315,narris.valkin@gmail.com,0,2025-11-01T21:22:32
9f92499c-25d9-478f-bf14-aaba24462446,orvin.torrel@yahoo.com,0,2025-11-01T21:22:33
e3fe5d5e-167f-4b0d-bf46-b7d7f79ccd99,pyla.solmar@outlook.com,0,2025-11-01T21:22:34
d293389f-d56a-4d0b-97f7-dc9750581e7a,qorin.narvis@gmail.com,0,2025-11-01T21:22:35
94b887c0-b79d-4384-a281-e6cf2378ce51,rilla.sorvik@yahoo.com,0,2025-11-01T21:22:36
046c8be4-e17c-46d6-9948-084415c404a6,sorin.vellar@outlook.com,0,2025-11-01T21:22:37
99e12fe5-548e-46a3-be23-25cf9ff597b1,tarris.dalvex@gmail.com,0,2025-11-01T21:22:38
41c40232-cda7-498f-860f-ef352f4dbf35,ulvia.solmon@yahoo.com,0,2025-11-01T21:22:39
5a9fbd76-9ae7-4ed1-9ad4-cee91292452e,valen.korvik@outlook.com,0,2025-11-01T21:22:40
47734391-0651-41b8-b54d-d262a92ab747,wexla.merrin@gmail.com,0,2025-11-01T21:22:41
62df901d-cb95-4d89-845b-d21bf6ca9f19,xorin.valtor@yahoo.com,0,2025-11-01T21:22:42
f695cb75-21f4-4e83-945d-a39b74df60fb,yara.solvik@outlook.com,0,2025-11-01T21:22:43
5fa2a83c-f85e-4249-ac80-6b2805a3e2c7,zavis.dorlin@gmail.com,0,2025-11-01T21:22:44
ea1dabce-05dc-42e2-941f-0accaf9a8b86,alrix.morvek@yahoo.com,0,2025-11-01T21:22:45
45ae3c89-2cc8-44a1-9b04-e4ac5e5eed4e,brena.solmor@outlook.com,0,2025-11-01T21:22:46
e2927f06-7a09-405f-8582-a2c672cc9979,coren.varlin@gmail.com,0,2025-11-01T21:22:47
f0538b58-b9f1-43db-b097-c00597539872,darius.torvek@yahoo.com,0,2025-11-01T21:22:48
a74c6b7a-ad98-493a-8d81-b2ab85713cd4,elora.marris@outlook.com,0,2025-11-01T21:22:49
f50e5408-752b-48be-90da-a257b512e849,ferrin.solrel@gmail.com,0,2025-11-01T21:22:50
d25b3fc2-901f-49b5-8bbe-2e218b7e509d,galen.norvik@yahoo.com,0,2025-11-01T21:22:51
495e7949-e327-4d6b-bd6b-f07b433cc540,halis.varnek@outlook.com,0,2025-11-01T21:22:52
b059a49d-a173-48f7-a409-ecbcdb2e4f2f,ivara.solvex@gmail.com,0,2025-11-01T21:22:53
93f1cac6-cf2f-41f6-87d5-519d98370d9c,joren.malrix@yahoo.com,0,2025-11-01T21:22:54
5da00a18-4576-4d3c-97cc-26191ffe30c6,kalvin.sorrel@outlook.com,0,2025-11-01T21:22:55
ead3b274-9f7f-4a3b-915a-26707b824eb7,lissa.vorren@gmail.com,0,2025-11-01T21:22:56
40459a77-63aa-4175-8565-64bd134e7d78,marris.dalvik@yahoo.com,0,2025-11-01T21:22:57
099c9adf-082e-4e13-876f-45b4ddc9b3f3,norin.solkar@outlook.com,0,2025-11-01T21:22:58
67b0cdb8-4d26-4eee-a38a-8759c40697f4,orla.vettar@gmail.com,0,2025-11-01T21:22:59
76678698-3bbd-4909-aada-395e645a04dc,pyren.kalvis@yahoo.com,0,2025-11-01T21:23:00
cc79a296-bcaf-4a70-a054-9dd19727a41d,quellis.solrex@outlook.com,0,2025-11-01T21:23:01
56e976eb-0962-40dc-a33f-a5db9c24c901,riven.marvik@gmail.com,0,2025-11-01T21:23:02
6f141c5a-9484-486f-aa88-5c8a48149732,sarra.norven@yahoo.com,0,2025-11-01T21:23:03
ec1b9159-aed2-469d-a20a-1bbd0e68a990,tarron.solvis@outlook.com,0,2025-11-01T21:23:04
580d4f24-3f7e-4c7f-8185-c2b9b40caebc,ulmar.valkon@gmail.com,0,2025-11-01T21:23:05
d185b667-679a-47c7-a694-c5a8c4d0621a,vessa.sorvik@yahoo.com,0,2025-11-01T21:23:06
62451c5e-f437-4e87-8aca-410a9c406bb9,warren.merrol@outlook.com,0,2025-11-01T21:23:07
c3428a13-f8fe-4eed-82c0-347cc8c80500,xandor.solken@gmail.com,0,2025-11-01T21:23:08
fde410c8-5421-4938-9482-a84bb18bed48,yarin.vorlex@yahoo.com,0,2025-11-01T21:23:09
f944be81-7be1-4055-8ac3-b0aa51c19a34,zelen.marlin@outlook.com,0,2025-11-01T21:23:10
fbf4804b-24c5-423f-89ea-7e1c38394dcb,alissa.solvek@gmail.com,0,2025-11-01T21:23:11
99fd9fb2-ca29-4feb-a14d-f836ba3e98de,bexlan.dorvik@yahoo.com,0,2025-11-01T21:23:12
a9ed7edc-9f8c-4d76-a25d-e4f30898d893,corren.valtos@outlook.com,0,2025-11-01T21:23:13
319ce57e-7374-437d-9c55-d4ec5c7f223c,dalen.solrex@gmail.com,0,2025-11-01T21:23:14
eae9ef00-6983-4419-a80e-516a10b92fc9,elven.marris@yahoo.com,0,2025-11-01T21:23:15
b5478caf-7a8a-4668-98d9-4b7c63b16618,farron.solvar@outlook.com,0,2025-11-01T21:23:16
c1cc174d-17bf-4948-83c7-4aaf61cf4bf5,gavin.merris@gmail.com,0,2025-11-01T21:23:17
f9c85db1-f153-462d-bd46-49cf297286a8,halvin.solver@yahoo.com,0,2025-11-01T21:23:18
cf4b6f2e-d2b9-4821-87ee-c3ef707a2129,ivris.valkin@outlook.com,0,2025-11-01T21:23:19
e25d581d-1eba-4cf5-9782-67b9001c25e0,jorven.karris@gmail.com,0,2025-11-01T21:23:20
4f8fb27e-5a5b-42bf-9da7-ad7089481b48,kalix.solren@yahoo.com,0,2025-11-01T21:23:21
8030b44a-8ade-4480-9b1d-73723c53b218,lorren.vallin@outlook.com,0,2025-11-01T21:23:22
363c4b2d-e045-47fd-97e0-ab3ee1fb89ac,mira.morvis@gmail.com,0,2025-11-01T21:23:23
08f560a3-8188-4617-9051-3eb8e7689c85,navin.solkerr@yahoo.com,0,2025-11-01T21:23:24
0fb37bff-3844-48cb-8a88-ccf122f5f1e1,oren.darvik@outlook.com,0,2025-11-01T21:23:25
cf9ff046-0891-4a9b-a06a-3e2907b3c37f,pyla.valren@gmail.com,0,2025-11-01T21:23:26
cf505bd0-428f-4218-a5ab-6ba1db694947,quorin.solvik@yahoo.com,0,2025-11-01T21:23:27
278dd2a6-dfcf-495f-82bf-cb8da339e7de,rallis.vetrin@outlook.com,0,2025-11-01T21:23:28
5134d77c-d96c-42c4-89d6-52ce4685adfd,soren.marvex@gmail.com,0,2025-11-01T21:23:29
05a5ae0c-6987-4cd8-9d0b-8516082aad56,tavin.solnar@yahoo.com,0,2025-11-01T21:23:30
09841040-074a-4f2f-b47a-3cae58155518,ulren.varlex@outlook.com,0,2025-11-01T21:23:31
4185c02f-15f9-40cb-a6ce-3d908612b4a4,voria.solket@gmail.com,0,2025-11-01T21:23:32
fab1fbd2-7232-4786-898e-f7b473da7be5,warris.norlin@yahoo.com,0,2025-11-01T21:23:33
50f04d17-43d8-447f-8fd5-af039defe3f2,xena.solvar@outlook.com,0,2025-11-01T21:23:34
8f7e3ccc-5072-4846-9c26-c808d1d03889,yarvis.kalron@gmail.com,0,2025-11-01T21:23:35
0b76c225-3d68-4e70-88c5-d023e0da7b5c,zarra.morvik@yahoo.com,0,2025-11-01T21:23:36
4144cb78-3c9e-4f5b-8d7c-3877d1054abf,alven.sorlis@outlook.com,0,2025-11-01T21:23:37
89f1df7a-3e6f-4200-b582-f055a32cfe2f,brixon.tarven@gmail.com,0,2025-11-01T21:23:38
60127066-17fc-4377-aecc-99d6959227d0,corvis.vellin@yahoo.com,0,2025-11-01T21:23:39
7e9f50d1-7264-4b47-ae91-ac4a7dd08468,darin.solvek@outlook.com,0,2025-11-01T21:23:40
c14855b9-1652-4476-8338-a2f837469e5f,elra.marvis@gmail.com,0,2025-11-01T21:23:41
d41bec26-4043-4f0d-9814-a40c971e0c54,farra.solmin@yahoo.com,0,2025-11-01T21:23:42
e3a91e9c-af74-4343-be28-49c0bd659adb,garron.kalvik@outlook.com,0,2025-11-01T21:23:43
5d353828-a838-4812-930b-9e2579b4f1ad,halis.varvon@gmail.com,0,2025-11-01T21:23:44
f3811af4-306d-41c8-bee9-2c0964158794,ivran.solmer@yahoo.com,0,2025-11-01T21:23:45
e1e5110e-2d77-4a4e-844d-75e450af72b3,jorlin.valres@outlook.com,0,2025-11-01T21:23:46
5a84ce7b-c465-4768-af40-74900cd818e9,kalren.vorrix@gmail.com,0,2025-11-01T21:23:47
4e1ea65c-8e6c-413c-a125-79d8e4abbb12,loris.soltek@yahoo.com,0,2025-11-01T21:23:48
3978a37c-fb96-47cd-b397-6d52bb59fdc6,marex.morrin@outlook.com,0,2025-11-01T21:23:49
b180befe-41e5-4813-936a-76867d945a70,norra.sovrel@gmail.com,0,2025-11-01T21:23:50
12f3850a-2a7c-43da-adb0-f00b9734fb38,orven.solvik@yahoo.com,0,2025-11-01T21:23:51
73c415d2-4932-4294-ad77-b19eebc4ddad,pyrrin.karris@outlook.com,0,2025-11-01T21:23:52
9ba47e09-0686-42ae-b54f-e3ea621cfd99,qalis.solnar@gmail.com,0,2025-11-01T21:23:53
a4cf4ac7-abad-4795-a7c4-688aef5677b7,rilen.merxon@yahoo.com,0,2025-11-01T21:23:54
71cd86ef-a3c3-4bc6-b2ef-e2091d4925b6,sorrin.solvak@outlook.com,0,2025-11-01T21:23:55
654dfbed-e769-4697-86be-8622c89efd7b,tarris.kalvon@gmail.com,0,2025-11-01T21:23:56
8577c3ef-7500-4b88-9eed-5d6a5a28641a,ulvek.marris@yahoo.com,0,2025-11-01T21:23:57
fbb36056-f903-4a21-a145-0b3870d3f1b8,vexlan.solvar@outlook.com,0,2025-11-01T21:23:58
39a79b22-02f5-45b7-a259-ab2da262d586,welyn.varris@gmail.com,0,2025-11-01T21:23:59
d8843715-54a9-4761-a8ef-2b6ef95cd80c,xarvis.solvon@yahoo.com,0,2025-11-01T21:24:00
f941c053-72e3-48ba-a251-bba067e47d59,yolen.marlex@outlook.com,0,2025-11-01T21:24:01
0ff6cefb-7238-4049-831a-2c31e692b440,zarris.valkin@gmail.com,0,2025-11-01T21:24:02
47b9a8f3-062f-401f-bba1-ae864d75a605,alvra.soltin@yahoo.com,0,2025-11-01T21:24:03
9dea90a8-c302-4320-933f-cb9b9d89ecf0,berran.morven@outlook.com,0,2025-11-01T21:24:04
155e9422-35a0-4e7d-b210-5919fb9a63fe,corlan.solvar@gmail.com,0,2025-11-01T21:24:05
b06f8cf5-f530-42f2-b1dc-b1da7cc694fd,dovren.kalvis@yahoo.com,0,2025-11-01T21:24:06
36a37a3b-815f-476e-9539-cefb56b692da,elissa.sorrek@outlook.com,0,2025-11-01T21:24:07
c94ec951-72d8-43bd-ab09-3b71f201559c,farris.solmer@gmail.com,0,2025-11-01T21:24:08
5b3e8535-6590-44e0-8ee7-e5ebe6416d70,goran.valrix@yahoo.com,0,2025-11-01T21:24:09
1ac78a40-e745-49cd-ad02-5d3f37bd9f72,halon.solkar@outlook.com,0,2025-11-01T21:24:10
72361762-8fab-430d-9294-b7ba5d8e3a6a,ivess.morlin@gmail.com,0,2025-11-01T21:24:11
b39ddd1a-c456-490f-938a-4f3621cae0d8,jarris.valtor@yahoo.com,0,2025-11-01T21:24:12
9550acab-4c33-402e-8ebb-c8f3e1c10ec6,kallan.merrex@outlook.com,0,2025-11-01T21:24:13
004f8074-c029-4faf-95d9-eafbcfc364be,lorven.soltis@gmail.com,0,2025-11-01T21:24:14
e192ec51-ecf0-46e9-b22f-230ce8a9a709,marra.varnos@yahoo.com,0,2025-11-01T21:24:15
42433ec6-4bf0-4c71-bd15-a1089fc10121,norrix.solven@outlook.com,0,2025-11-01T21:24:16
be4bd6bf-e47e-40b6-b9a9-354a95bcecdc,orlen.karris@gmail.com,0,2025-11-01T21:24:17
fca120e0-d619-4225-b207-b37a0e3ecab9,pyla.vollin@yahoo.com,0,2025-11-01T21:24:18
76f46cd7-c486-46b2-aacc-08f293cfbc93,quellis.torvek@outlook.com,0,2025-11-01T21:24:19
ca8260ba-39ff-4a12-b2a6-514453d0a2ba,ridan.merlin@gmail.com,0,2025-11-01T21:24:20
06a175c1-6568-43e6-a29c-a2d4d36ffb53,soran.solrek@yahoo.com,0,2025-11-01T21:24:21
bbde9797-0cc7-4e1d-a71e-2f4dd2cecb61,tarris.valvik@outlook.com,0,2025-11-01T21:24:22
b9ad2541-6c58-433d-993e-f3ceeaeccf74,ulvia.sornen@gmail.com,0,2025-11-01T21:24:23
7b81c404-49d6-42e6-a6cf-cc8e3fcd290d,valran.halvik@yahoo.com,0,2025-11-01T21:24:24
31e91da1-d33e-49c4-ac40-bb0446e96b19,wexa.solmon@outlook.com,0,2025-11-01T21:24:25
e05a674b-3b94-4433-a518-dfbb300114b1,xilren.dorvis@gmail.com,0,2025-11-01T21:24:26
56820a31-893d-4c90-b184-c2a213ac607e,yava.solnar@yahoo.com,0,2025-11-01T21:24:27
fd2c2b8c-bc2f-4b1c-a4cc-2e999cc8f2ad,zorren.malrex@outlook.com,0,2025-11-01T21:24:28
ec0ffc2f-242b-4d22-8a2f-13353c3392f8,alren.sorvis@gmail.com,0,2025-11-01T21:24:29
c0f15851-1d47-465a-ac20-8d993fb613a1,bexlor.valden@yahoo.com,0,2025-11-01T21:24:30
f57a7e98-b2ce-41ec-b478-db13c2368e57,corvin.solris@outlook.com,0,2025-11-01T21:24:31
1e180afc-905a-46e8-b531-ddbbd7f7de8a,darris.norven@gmail.com,0,2025-11-01T21:24:32
6b5b1773-0709-4944-b76b-f42bfb0d05e0,elra.solken@yahoo.com,0,2025-11-01T21:24:33
48d78e95-c5bb-4bc7-b388-cbf43c0bd30e,farrel.varnis@outlook.com,0,2025-11-01T21:24:34
b83e77ee-5c9d-4100-b9a8-117e460a0ea0,galvin.horren@gmail.com,0,2025-11-01T21:24:35
5c816fa9-fa8d-4df3-85b9-c94e81797ee8,halix.darvon@yahoo.com,0,2025-11-01T21:24:36
b40b7247-8a58-46d6-9d3e-5fdcab885f52,ivran.solkor@outlook.com,0,2025-11-01T21:24:37
792c8305-f54f-4a59-9329-c1d413c432b9,jorven.vetris@gmail.com,0,2025-11-01T21:24:38
c861e970-4968-45bb-ae2f-62c5e8db2043,kalden.sorvel@yahoo.com,0,2025-11-01T21:24:39
4a0f4476-ed36-4c3d-b169-5ba230919a6a,lorin.solrekk@outlook.com,0,2025-11-01T21:24:40
1b0f18c8-5ccf-46e7-bc88-306856ef331f,marven.valris@gmail.com,0,2025-11-01T21:24:41
007a7e34-5a64-4f42-afd1-a8d16c1aa980,norra.soltin@yahoo.com,0,2025-11-01T21:24:42
972fe226-4f0f-49ba-98ec-85c30d5def00,orlia.darlex@outlook.com,0,2025-11-01T21:24:43
c605e0d0-1111-443b-8938-dca7f14fe22d,pyxis.solvex@gmail.com,0,2025-11-01T21:24:44
40750d37-34a5-4805-8f05-971b718c2957,qorin.kalver@yahoo.com,0,2025-11-01T21:24:45
dac25c42-3389-4b9c-8413-b8b278618dfd,raina.vorrin@outlook.com,0,2025-11-01T21:24:46
22e956cd-bf3d-49f3-bbcb-f039d117ee30,sarris.solres@gmail.com,0,2025-11-01T21:24:47
868eb836-6917-405b-8b81-e12f3dd4cceb,tollan.merrex@yahoo.com,0,2025-11-01T21:24:48
6a47dc9e-1a46-435c-8010-0da818ee175c,ulris.varkin@outlook.com,0,2025-11-01T21:24:49
7b40192d-37f6-4d58-86e4-9ecbcdeb46ee,vexa.solvik@gmail.com,0,2025-11-01T21:24:50
90949098-11bb-426c-bfbb-47216b2e1a26,werren.dalvik@yahoo.com,0,2025-11-01T21:24:51
54dd7930-5442-4b56-8c39-31bb262108db,xanar.solven@outlook.com,0,2025-11-01T21:24:52
c3a29a79-61fa-4922-adf0-52777682fa41,yarris.mallin@gmail.com,0,2025-11-01T21:24:53
e13063af-6bee-4e95-8191-2369c0aeecf9,zovin.varlek@yahoo.com,0,2025-11-01T21:24:54
9007449b-2ad7-4c7f-a392-bd94052c74bd,alvren.solrex@outlook.com,0,2025-11-01T21:24:55
4478802f-b0ec-43af-bb8a-12149703f61f,brina.torvex@gmail.com,0,2025-11-01T21:24:56
4e1316ff-5e26-49f8-873b-7602c365d204,corlin.karris@yahoo.com,0,2025-11-01T21:24:57
d4e4a209-295f-4d08-bfdc-58e77885d195,dallix.solves@outlook.com,0,2025-11-01T21:24:58
2d5c239f-dc34-484b-9794-20a8779151ef,elora.varvis@gmail.com,0,2025-11-01T21:24:59
8d66d13d-e125-4970-a8e6-a5e0767ffbc2,farra.solkon@yahoo.com,0,2025-11-01T21:25:00
3c527dad-e8eb-4bfd-8984-5c7676da69b5,gavin.vetrix@outlook.com,0,2025-11-01T21:25:01
cc55bf11-b0e9-45fc-8c13-10e406fdaf19,halrin.solvok@gmail.com,0,2025-11-01T21:25:02
5df3fea9-63ed-4f9d-b737-9bd103663be6,ivara.morlen@yahoo.com,0,2025-11-01T21:25:03
cff2ce17-f1f6-4ac4-abe8-0420642897f3,jorin.valris@outlook.com,0,2025-11-01T21:25:04
0189a3b0-ca55-4af3-a85c-7c75eab33b49,kalvor.sorrek@gmail.com,0,2025-11-01T21:25:05
cf65dfcd-86a4-4974-9aef-fe529be1b58b,lorna.solvik@yahoo.com,0,2025-11-01T21:25:06
ca7e5826-99c7-46c0-9e85-f092116ceb97,marris.varven@outlook.com,0,2025-11-01T21:25:07
0cee5801-84ac-4a71-93b0-31744dd3985f,nellis.torrel@gmail.com,0,2025-11-01T21:25:08
bd5f5152-3958-441e-97d0-103cb0a35822,orvin.merlek@yahoo.com,0,2025-11-01T21:25:09
b9848bc2-7c62-43de-bf1d-e63889c2251d,pyrrin.solver@outlook.com,0,2025-11-01T21:25:10
6fe94ccf-2f7c-4a41-9f4d-9152d63d6cc2,quellis.vorvak@gmail.com,0,2025-11-01T21:25:11
d19444c0-4eb3-414b-84bf-3a3465cb4fc0,rissa.solrex@yahoo.com,0,2025-11-01T21:25:12
964789dc-a055-4a55-b35d-85549822cc32,sorin.dallin@outlook.com,0,2025-11-01T21:25:13
b8a66e02-5dff-449d-8134-edf7022cf837,tarron.varrex@gmail.com,0,2025-11-01T21:25:14
4ecfaa54-6839-498e-bfad-5c73dbe55ab3,ulvin.solron@yahoo.com,0,2025-11-01T21:25:15
e9efbc4a-9e61-403e-a288-447f8c6e495d,valra.marvik@outlook.com,0,2025-11-01T21:25:16
0eebccc7-6668-489a-a682-67f66f05c412,wexlen.solvar@gmail.com,0,2025-11-01T21:25:17
4029bd27-21c5-4f2d-9bdf-d64f808e7167,xarris.dorvik@yahoo.com,0,2025-11-01T21:25:18
a6fa4581-83b3-47d1-95cb-31e7220f9129,yorren.marris@outlook.com,0,2025-11-01T21:25:19
915a8a73-be38-4d29-a216-89457d1bb626,zarvis.sollek@gmail.com,0,2025-11-01T21:25:20
17d85309-0c83-4a3d-946a-21430ce593c4,alden.varven@yahoo.com,0,2025-11-01T21:25:21
195b04fa-458d-4930-b245-aeb049647de9,brenna.soltor@outlook.com,0,2025-11-01T21:25:22
a9da658b-c609-415f-82eb-5019290c5396,corrix.malven@gmail.com,0,2025-11-01T21:25:23
79fddff0-a380-4560-9833-03952d40a8e7,dalen.horvik@yahoo.com,0,2025-11-01T21:25:24
80352a32-8f45-4695-b3e9-fb48b74c9bd2,elana.solvir@outlook.com,0,2025-11-01T21:25:25
d9e5b6cb-69ec-47be-8ee2-61b0491fe663,farin.valrek@gmail.com,0,2025-11-01T21:25:26
3b4dce32-6912-4d54-ae63-9baaf4f4f9b4,gornix.solver@yahoo.com,0,2025-11-01T21:25:27
be00a3c4-557b-4d52-859a-b0a09828e1ef,halven.merris@outlook.com,0,2025-11-01T21:25:28
80256cec-c82f-4efb-9355-3c3fc2c09830,ivron.varlen@gmail.com,0,2025-11-01T21:25:29
c4f4577a-894b-45e9-9056-e0841481f749,jarris.soltek@yahoo.com,0,2025-11-01T21:25:30
6aec5411-f5c3-4b34-a34e-b5976988a66d,kellis.marvin@outlook.com,0,2025-11-01T21:25:31
0d74db02-192c-4bef-93ba-64abde06aa71,loren.sorvik@gmail.com,0,2025-11-01T21:25:32
419f64f7-5fc1-437b-b490-e51fc6b7be9f,marrix.solten@yahoo.com,0,2025-11-01T21:25:33
743656d4-11e4-47d4-a4e0-e010ba73d614,norlan.valrik@outlook.com,0,2025-11-01T21:25:34
e66c2ad3-0e9b-42ff-8794-8792e6914b05,orla.merrex@gmail.com,0,2025-11-01T21:25:35
bbb4fdaf-a8dd-41ce-9f55-01ed47f17752,pyra.solvik@yahoo.com,0,2025-11-01T21:25:36
2720de06-2e6c-408e-8583-d62ea7cadab9,qellin.darron@outlook.com,0,2025-11-01T21:25:37
288c8eeb-5796-481f-b671-d485359ccb9c,riven.solvar@gmail.com,0,2025-11-01T21:25:38
5b027335-3d26-44e1-acff-f35501ec1b89,sylra.marven@yahoo.com,0,2025-11-01T21:25:39
aebfd021-ea83-4531-a1bc-f6f90f263b1e,tallis.solkor@outlook.com,0,2025-11-01T21:25:40
839eae04-a45d-4efb-8191-c04e0e2e5825,ulrex.kalven@gmail.com,0,2025-11-01T21:25:41
541155c5-0fcb-4ee4-9813-97808e1bea69,valten.sorrek@yahoo.com,0,2025-11-01T21:25:42
fb84f4d3-fb2a-4671-9dc3-113a26aded2e,wexlin.solver@outlook.com,0,2025-11-01T21:25:43
f3086ddb-45e6-43f3-a4ad-9b9ca34a9731,xaris.valrex@gmail.com,0,2025-11-01T21:25:44
ad1b82fc-df3d-4aa1-9bcc-6066da916f75,yorin.soltis@yahoo.com,0,2025-11-01T21:25:45
a63c3cdc-46cf-4569-82d1-a770907b2fac,zarra.morrek@outlook.com,0,2025-11-01T21:25:46
9ded3ac5-2f80-4f36-96bc-bc737a42d742,alvis.solrak@gmail.com,0,2025-11-01T21:25:47
e552e9b4-ca87-4e0d-88b4-a84b4435d6e4,bella.varlin@yahoo.com,0,2025-11-01T21:25:48
e12b4c26-e773-491f-9879-1cdcef26f82d,corlen.solver@outlook.com,0,2025-11-01T21:25:49
a14892b1-fe90-4bf4-8716-4ac15410efdf,darron.merrek@gmail.com,0,2025-11-01T21:25:50
5004a83d-2413-4e40-b201-26c34c54702b,elkin.solvek@yahoo.com,0,2025-11-01T21:25:51
e22cc664-1894-40f7-ac8f-a8c9c9f2beef,farris.norlex@outlook.com,0,2025-11-01T21:25:52
cc646ed0-0bdb-49b7-8ce5-ca1c985a6262,galvin.marris@gmail.com,0,2025-11-01T21:25:53
100eec86-5c43-47a0-9acd-8fd524cf0be9,halvar.soltes@yahoo.com,0,2025-11-01T21:25:54
6f05c179-9ba7-40ba-91f7-6f448a76b732,ivessa.varris@outlook.com,0,2025-11-01T21:25:55
a943e895-480d-4987-b75c-0af8b0a5977a,jorlan.solrex@gmail.com,0,2025-11-01T21:25:56
28153cdc-863f-4ebe-b824-a742ac36accf,kalven.dorvik@yahoo.com,0,2025-11-01T21:25:57
a8a743c2-16a1-4530-aae3-ac0d71b5c538,larris.solvar@outlook.com,0,2025-11-01T21:25:58
72f398e6-fb6d-4c0d-b862-9bf717b3ad32,maven.halrik@gmail.com,0,2025-11-01T21:25:59
b59d074a-22c3-46eb-b02e-e5c4b4ee1b0f,norra.solver@yahoo.com,0,2025-11-01T21:26:00
b0dd73f8-9ef5-4e4f-aecb-b64fce5a162c,orvin.kalros@outlook.com,0,2025-11-01T21:26:01
ae136155-4c89-4fe9-9dbf-902cac14c3fb,pyxis.solrek@gmail.com,0,2025-11-01T21:26:02
7fdc9f4b-a057-44ca-9239-447224a9db5e,quella.varrin@yahoo.com,0,2025-11-01T21:26:03
c0e86b95-aeaf-4a89-84b9-b00299f4e670,raven.soltar@outlook.com,0,2025-11-01T21:26:04
be5539c7-aa79-490b-9128-aa7fe55b65a1,sorin.darlex@gmail.com,0,2025-11-01T21:26:05
5db0d424-a68b-4d96-9651-42664e0b7140,tallis.merren@yahoo.com,0,2025-11-01T21:26:06
c402af79-700f-4370-a8ca-3ac7bee0e933,ulven.sorvik@outlook.com,0,2025-11-01T21:26:07
4db1548a-f155-42f9-a204-3046781c4f55,valris.solmer@gmail.com,0,2025-11-01T21:26:08
1bd667f8-9168-439a-8027-5851e31ec827,wexla.torven@yahoo.com,0,2025-11-01T21:26:09
fc978c16-d3c1-448b-bb5e-daa938745489,xarin.solrex@outlook.com,0,2025-11-01T21:26:10
6ff656eb-c23e-4773-aa28-cae19278856f,yorlan.malvis@gmail.com,0,2025-11-01T21:26:11
036c4ec9-064c-470f-8520-f29e6f6057c5,zarvin.sorlin@yahoo.com,0,2025-11-01T21:26:12
3f48a7ac-e6c2-43c6-862d-81f02e20bf1a,alven.korrek@outlook.com,0,2025-11-01T21:26:13
cb68d0cf-28e5-45df-9d32-037625fbd21f,brena.solvon@gmail.com,0,2025-11-01T21:26:14
f4b73e0a-f4b9-44fe-9b71-0c767b23114a,corvin.marvis@yahoo.com,0,2025-11-01T21:26:15
463cfd5f-d82b-4642-aa26-64b76bb3f05e,darris.solkin@outlook.com,0,2025-11-01T21:26:16
ca7a1aba-a8a6-4634-9d87-38b231d15842,elora.valrik@gmail.com,0,2025-11-01T21:26:17
ec3a247e-dc3f-41e7-b193-5c7fe5a77c13,farris.kalvon@yahoo.com,0,2025-11-01T21:26:18
f546acbe-5fec-4f0d-9beb-aaeb17fe8fc3,galren.marris@outlook.com,0,2025-11-01T21:26:19
d80c7036-362e-40f7-a4c3-daeef77cd95b,halix.solvik@gmail.com,0,2025-11-01T21:26:20
d2a2bb9f-1e9d-4b7a-8c30-21fe4a0a5a85,ivran.dorlen@yahoo.com,0,2025-11-01T21:26:21
7f3ca84b-e8a7-418e-8a43-97e93b882ce4,jorin.valros@outlook.com,0,2025-11-01T21:26:22
c32e0063-b3c1-408b-ba7f-879220b46b98,kalra.morvik@gmail.com,0,2025-11-01T21:26:23
57b2de1b-e4fe-4bcd-adf3-692d997092d4,lorren.solvix@yahoo.com,0,2025-11-01T21:26:24
0a107b91-7344-40e4-a94a-df1072b36b0a,mira.valrex@outlook.com,0,2025-11-01T21:26:25
1628bc22-d73c-4b23-b981-6dd7a1f5d92d,nollan.karris@gmail.com,0,2025-11-01T21:26:26
72aa1c2e-20d7-4ade-928a-574a18e7264c,orla.solner@yahoo.com,0,2025-11-01T21:26:27
13a56189-9d41-4ee0-b507-7a8abe308744,pyren.marven@outlook.com,0,2025-11-01T21:26:28
415eac5b-19fb-4c68-ab7a-65c57c0028e7,qallis.solvis@gmail.com,0,2025-11-01T21:26:29
3f630cba-6315-4308-b14b-58afbf34a9db,riven.varlin@yahoo.com,0,2025-11-01T21:26:30
3f52b12d-d133-4163-9031-0f8632ae3a9c,saris.dorvik@outlook.com,0,2025-11-01T21:26:31
1833f100-71c3-4255-8fbf-289512016907,torlen.solvar@gmail.com,0,2025-11-01T21:26:32
d6871fc1-714d-47e0-b664-9481086b4d1b,ulvis.kalren@yahoo.com,0,2025-11-01T21:26:33
cc35685b-64f1-4491-899b-9671d3079d64,vexron.solver@outlook.com,0,2025-11-01T21:26:34
f99178c7-83b6-44b0-b199-696f2e5b90f4,welin.darvik@gmail.com,0,2025-11-01T21:26:35
9c825eef-ee03-48f9-987d-4817cd21ae3f,xelan.solkis@yahoo.com,0,2025-11-01T21:26:36
8cba9705-b4ee-491d-bc39-5dd0fa0c2f8b,yarris.varvox@outlook.com,0,2025-11-01T21:26:37
4fec988d-383e-48c4-ae26-1d84dcd1976b,zorla.merrin@gmail.com,0,2025-11-01T21:26:38
c070b569-a259-4945-b503-05ecbc813bba,alrix.solkor@yahoo.com,0,2025-11-01T21:26:39
9900338f-ab9b-4729-bfb6-ebfa502aaaaa,berran.marvis@outlook.com,0,2025-11-01T21:26:40
de0abb93-d3bf-43f5-b7b7-98f455ab6951,corvis.valran@gmail.com,0,2025-11-01T21:26:41
b87ba712-c2bd-440a-93b5-a6d8f1de0b35,davin.solves@yahoo.com,0,2025-11-01T21:26:42
be117267-de8e-4ca8-befc-8424de7f2b73,elvia.norrek@outlook.com,0,2025-11-01T21:26:43
f1ba92f8-06a3-4bfc-a55e-5210989fd4c8,ferran.solmar@gmail.com,0,2025-11-01T21:26:44
60b6cf4b-c760-4d01-9e72-3bb34218ea59,galen.kallis@yahoo.com,0,2025-11-01T21:26:45
889bd574-8a47-49b3-80c7-dfea54b85d19,halren.varnix@outlook.com,0,2025-11-01T21:26:46
143b47f2-043f-4274-a7a2-bd080e005e38,ivessa.soltin@gmail.com,0,2025-11-01T21:26:47
55974174-9b06-42a8-87a0-19ab7f0b4cc3,jorvis.merron@yahoo.com,0,2025-11-01T21:26:48
f1165d57-fce8-4757-999f-811483cc02da,kallen.solvik@outlook.com,0,2025-11-01T21:26:49
5d6114a2-8d29-4e64-b681-cc5061189ac6,lorra.dorven@gmail.com,0,2025-11-01T21:26:50
7808756f-864e-4861-9be0-39248100affb,marrix.varlin@yahoo.com,0,2025-11-01T21:26:51
0bee40d5-a327-4d2a-b5f4-e3f939f653e7,nellis.solver@outlook.com,0,2025-11-01T21:26:52
7437817e-d3c2-423b-a78b-88825df4169f,orven.solrex@gmail.com,0,2025-11-01T21:26:53
5027120b-44a0-4fb8-854d-27801b7e0344,pyllis.marrex@yahoo.com,0,2025-11-01T21:26:54
8fc59596-0bf2-4fea-8c81-ff702f54eb90,qorin.soltes@outlook.com,0,2025-11-01T21:26:55
76f47223-2389-4aac-b06e-5aa1672d19b2,ralla.valkon@gmail.com,0,2025-11-01T21:26:56
4293e79d-5e68-4aae-81b9-cc5ae8d8be86,soren.sorlin@yahoo.com,0,2025-11-01T21:26:57
ef62b18b-31ba-4c69-bfa8-3adf3dc757f7,tarris.merrex@outlook.com,0,2025-11-01T21:26:58
53b21696-e368-4413-9c58-a3faa022b073,ulran.valten@gmail.com,0,2025-11-01T21:26:59
c95da8ac-3f55-4c4e-af8f-aa54bbcfb19e,vexa.solrax@yahoo.com,0,2025-11-01T21:27:00
7409a2ce-78a4-4c74-89ad-dec281a01dc0,warrin.morvik@outlook.com,0,2025-11-01T21:27:01
09b3e713-6e4b-4815-82ec-e547737ad9d7,xylon.karris@gmail.com,0,2025-11-01T21:27:02
26ee8144-02e8-47fe-97a1-606c2fbbca75,yarin.solmar@yahoo.com,0,2025-11-01T21:27:03
d6ce186d-9393-49d9-aa15-201442d0b590,zarix.varlin@outlook.com,0,2025-11-01T21:27:04
6b54e6c8-fdc3-4e42-ae46-6b6100be7bde,alexa.soltris@gmail.com,0,2025-11-01T21:27:05
bc5f645b-8bc0-4046-8361-abaac3329092,benron.merkis@yahoo.com,0,2025-11-01T21:27:06
f482fc73-b253-4ac0-88a9-6097b20eee32,corlan.solrak@outlook.com,0,2025-11-01T21:27:07
7eada181-3e2f-4037-bef4-ea1d8ab608bb,darris.varvin@gmail.com,0,2025-11-01T21:27:08
684ca797-ed03-4b41-9bec-4d144b4dfcac,elina.solrek@yahoo.com,0,2025-11-01T21:27:09
db9b7cfa-2d52-415c-a74e-7f4c39b1703d,faran.kallex@outlook.com,0,2025-11-01T21:27:10
4bdc3d4a-b82b-4403-9da0-c36fb950cdda,goren.sorvik@gmail.com,0,2025-11-01T21:27:11
1f3a562e-fc43-4e58-b7eb-b979a436b599,halvos.solten@yahoo.com,0,2025-11-01T21:27:12
3f020e3f-2a41-468d-ad4e-fd54df230b00,ivrix.marris@outlook.com,0,2025-11-01T21:27:13
1bac3c7d-89b4-41d4-8255-cbf1c0e28918,jorlan.valvex@gmail.com,0,2025-11-01T21:27:14
d3b6d75e-0490-40c8-a271-63b012dd2919,kalrix.solver@yahoo.com,0,2025-11-01T21:27:15
d74cb130-4cfe-4386-8772-128719804d85,lira.morven@outlook.com,0,2025-11-01T21:27:16
65c96693-dc9a-48e2-bfa0-5d3b7e69f63b,marin.solrek@gmail.com,0,2025-11-01T21:27:17
c78e97f1-5cc4-41e7-943c-eaccd9b42cbf,norra.kalvin@yahoo.com,0,2025-11-01T21:27:18
fff7bde6-b73f-452b-b7ca-5b93613442fb,orlin.sorlax@outlook.com,0,2025-11-01T21:27:19
60078c14-247c-4e4d-8f96-b93bb9fcb7d2,pyra.valmet@gmail.com,0,2025-11-01T21:27:20
6f501d5a-db10-4796-92b0-4142833081ba,qiven.solnen@yahoo.com,0,2025-11-01T21:27:21
47510d6b-ca6f-4d95-83a1-7c9d13ee5622,rallis.karris@outlook.com,0,2025-11-01T21:27:22
84c76741-f634-4766-8f0d-f327283ec774,sorren.solviq@gmail.com,0,2025-11-01T21:27:23
0953371e-d4fd-410e-a5ce-c49386137382,tallen.varlin@yahoo.com,0,2025-11-01T21:27:24
c84a3deb-e445-4817-9961-93802ffec120,ulria.morrek@outlook.com,0,2025-11-01T21:27:25
069a0684-eb18-4a85-a4a9-44ed72371c6e,vexla.solrik@gmail.com,0,2025-11-01T21:27:26
3c923261-8b4b-422d-8c2e-2af04387f825,werrin.kalvon@yahoo.com,0,2025-11-01T21:27:27
d7e7049d-6006-4edc-9f42-5544b1e1c9d8,xaris.solten@outlook.com,0,2025-11-01T21:27:28
ccfec507-2677-466a-a841-1e0377bf9594,yarla.merrik@gmail.com,0,2025-11-01T21:27:29
b1bf13aa-58fd-4403-b91d-a0e5710fca9e,zorvin.halris@yahoo.com,0,2025-11-01T21:27:30
44e6332d-f88d-43af-b9c7-d4c7fe9a1a22,alven.valros@outlook.com,0,2025-11-01T21:27:31
621b06fa-f52d-4d3c-b71e-5b51a3b952a3,brinor.solver@gmail.com,0,2025-11-01T21:27:32
ce164a38-1e29-4437-9ec9-e3c52038b7e4,correx.marvin@yahoo.com,0,2025-11-01T21:27:33
5116fe8d-baf6-4446-809e-5ad44ba4b059,damin.solvik@outlook.com,0,2025-11-01T21:27:34
fbc2cded-68e6-48ba-a592-526729e0359d,elria.varron@gmail.com,0,2025-11-01T21:27:35
6c4dde6c-2e97-4433-bfb0-0011664f8910,fellan.sorvex@yahoo.com,0,2025-11-01T21:27:36
cc0087b7-ae7d-49d8-a696-2ec768741c75,galven.marris@outlook.com,0,2025-11-01T21:27:37
fbe4a00f-3100-44c2-a2ea-b02252b71d4b,halix.korren@gmail.com,0,2025-11-01T21:27:38
9c7df158-54aa-40e1-b6b7-b14f3e21478e,ivran.valvos@yahoo.com,0,2025-11-01T21:27:39
2d9b9669-d4e0-4447-9e15-dc602e459a81,jorin.sollek@outlook.com,0,2025-11-01T21:27:40
6d88af5a-ff2c-400a-b155-c3f9987e1142,kalvin.merrek@gmail.com,0,2025-11-01T21:27:41
fc031b0a-9600-4bea-8aa8-ff9903503d28,lorren.varnek@yahoo.com,0,2025-11-01T21:27:42
2a6b1e7d-92e5-4d12-8c29-5eaf79b19059,mira.solron@outlook.com,0,2025-11-01T21:27:43
2d0d3cbe-4bfd-467f-aadc-78acfce0049d,navix.dorrin@gmail.com,0,2025-11-01T21:27:44
f79d2e4b-972e-47f6-9cd4-a3fadb4dc48a,oren.kalrex@yahoo.com,0,2025-11-01T21:27:45
449f4e75-6c12-4ba3-9fc1-7ea48e0396b1,pyxa.sorlin@outlook.com,0,2025-11-01T21:27:46
0e7e6182-42f5-4260-b68b-14189d8f0529,qallis.solvak@gmail.com,0,2025-11-01T21:27:47
3e9d9f6c-193d-4334-a4f7-ccfcb523ce19,riven.marvon@yahoo.com,0,2025-11-01T21:27:48
adf8fb53-6248-42b2-ac94-8458df1c1c69,sarris.varnin@outlook.com,0,2025-11-01T21:27:49
93d35f1a-bec8-482d-acef-ee9253534f96,torrin.solris@gmail.com,0,2025-11-01T21:27:50
9f7d0335-92d5-471a-bd6a-6f9ec55bf570,ulvon.marris@yahoo.com,0,2025-11-01T21:27:51
b300c8f5-f39a-4f92-b323-1bca3023763e,vexron.solmer@outlook.com,0,2025-11-01T21:27:52
4bccd8e2-5543-4ea1-bca0-5051c16b769d,wexla.dorven@gmail.com,0,2025-11-01T21:27:53
9fab59f5-8526-477f-81d1-7ff1310d1972,xarin.solver@yahoo.com,0,2025-11-01T21:27:54
3afe7517-a7d8-4d59-9bbb-0edab4e67075,yorren.kaltis@outlook.com,0,2025-11-01T21:27:55
11e2dbdd-b2c9-40ea-8082-aa1b27f4c857,zarlin.solvik@gmail.com,0,2025-11-01T21:27:56
ff7dd048-4c4e-42c3-91c9-9f1bb2a86187,alris.marrek@yahoo.com,0,2025-11-01T21:27:57
74b821a7-9b03-49ec-84ab-7b350192c3b5,brena.solvis@outlook.com,0,2025-11-01T21:27:58
ac704685-a0f2-40d8-a8a2-5fe3e5f97af8,corvin.vettis@gmail.com,0,2025-11-01T21:27:59
d6dc02c5-37cf-441c-93b9-97585e395030,dallis.sorlin@yahoo.com,0,2025-11-01T21:28:00
2ec0ddae-1277-44c5-8796-f65ceee7e166,elara.solmar@outlook.com,0,2025-11-01T21:28:01
4e8697d5-5ded-456f-b7ab-f9e1900b2786,ferran.marvis@gmail.com,0,2025-11-01T21:28:02
7f23c43f-a97e-4597-99b0-3b6e38c9b9b0,galix.solmer@yahoo.com,0,2025-11-01T21:28:03
f3f93ab9-6f81-4460-840b-fd1e06c68766,halron.valrik@outlook.com,0,2025-11-01T21:28:04
a986982b-e7e0-4b28-937b-dc61e9b52873,ivellis.morven@gmail.com,0,2025-11-01T21:28:05
e8e003be-025c-4b3b-a5ea-02a0a73a1688,jorrix.soltes@yahoo.com,0,2025-11-01T21:28:06
f700faac-895b-408f-bc2d-b552f4bf649a,kalden.varris@outlook.com,0,2025-11-01T21:28:07
a234bb7c-545c-460d-81c7-cfb0a9fde6ad,lorna.halvik@gmail.com,0,2025-11-01T21:28:08
a815985d-2e51-4f9b-8d93-9f8a793a9c9f,marvon.solrex@yahoo.com,0,2025-11-01T21:28:09
524baf02-191e-4564-afcc-d7122492aebd,narris.solver@outlook.com,0,2025-11-01T21:28:10
5ec671e5-51f1-4a22-ac43-8809cd0f6184,orlia.valken@gmail.com,0,2025-11-01T21:28:11
bfd3da1f-2d52-4f71-8076-0a9bfa11c022,pyrex.solnix@yahoo.com,0,2025-11-01T21:28:12
c3154038-d7c3-41f0-8f6e-d57ef7ea6bc8,qoran.marlex@outlook.com,0,2025-11-01T21:28:13
ac5cb0a7-fe3c-476e-bf83-621ac0881ed5,rissa.soltek@gmail.com,0,2025-11-01T21:28:14
061f3ee3-fad7-4511-bdfa-51120f58520b,sylin.karris@yahoo.com,0,2025-11-01T21:28:15
6bb72d76-383f-4bb5-bede-a8f12781a421,tarris.varvin@outlook.com,0,2025-11-01T21:28:16
a5c351d1-1dc6-41ee-936d-2a1099167a93,ulven.solvar@gmail.com,0,2025-11-01T21:28:17
524f5c9c-85fe-463c-b055-77eb65ced1be,vaxen.merrek@yahoo.com,0,2025-11-01T21:28:18
b6be1903-e0ef-44bd-b346-a6b5a68c02cb,wesla.valrix@outlook.com,0,2025-11-01T21:28:19
4dd57614-7253-4772-be2f-d6267e2f7059,xellis.solten@gmail.com,0,2025-11-01T21:28:20
5c5d4aaa-3b80-48b7-ab89-53039b5e8715,yorrin.darvik@yahoo.com,0,2025-11-01T21:28:21
f572eaf3-23d8-4f6a-a0f9-0b39f647fb8a,zavis.sorlon@outlook.com,0,2025-11-01T21:28:22
44c771c2-aeec-497d-9376-2e991bc1f4a0,alrik.solkis@gmail.com,0,2025-11-01T21:28:23
e4480271-1a42-4f92-855d-c89d7b39155e,bella.morvek@yahoo.com,0,2025-11-01T21:28:24
cb5f1a74-9df2-4162-bdf7-c908663dcecc,corvan.sollek@outlook.com,0,2025-11-01T21:28:25
05269695-e9cd-4998-a56a-1bf66a990bb6,doran.varlex@gmail.com,0,2025-11-01T21:28:26
eb6b954c-7b9d-4b7d-9e0d-505a30390c8f,elina.solsek@yahoo.com,0,2025-11-01T21:28:27
1a53956a-3468-4b2d-86db-1ff7d0817366,ferran.dorvin@outlook.com,0,2025-11-01T21:28:28
4172594b-6798-4ca2-865d-3c7415e6f5e0,gallis.solvik@gmail.com,0,2025-11-01T21:28:29
8e830836-daf0-4015-be35-822bbac3c075,halven.sorrek@yahoo.com,0,2025-11-01T21:28:30
efeb1287-95a9-4a52-b4ed-98a320421e23,ivrix.norlin@outlook.com,0,2025-11-01T21:28:31
28a27b2f-77c1-4dba-a4b5-211664144a28,jorra.valren@gmail.com,0,2025-11-01T21:28:32
97f79290-4682-4d31-8f13-4969702ad24a,kallis.solvar@yahoo.com,0,2025-11-01T21:28:33
5772778a-5904-4514-8855-c2c67945f7e8,lorix.merven@outlook.com,0,2025-11-01T21:28:34
17fb9cc7-32ad-4a81-a686-a8af4e0c84f9,marin.solwin@gmail.com,0,2025-11-01T21:28:35
df10737c-30c8-42dd-8f99-2f64dc26c1db,norrek.varrin@yahoo.com,0,2025-11-01T21:28:36
dabe4b1e-e41a-4bc5-9aa1-6f7569ede174,orlan.solven@outlook.com,0,2025-11-01T21:28:37
60becb51-be40-49e3-b1b4-8493ba134bb7,pyllis.karven@gmail.com,0,2025-11-01T21:28:38
a3798a63-d8df-40f3-af30-6a9508d3549c,qorin.soltis@yahoo.com,0,2025-11-01T21:28:39
c75da77d-8f2c-4ec1-94c1-3a903223ec37,rallen.marvik@outlook.com,0,2025-11-01T21:28:40
d48b12da-bfa4-4b9d-ba9e-c1b456028a4c,sorra.solrak@gmail.com,0,2025-11-01T21:28:41
d955c989-f2fd-4389-9467-dd0fbc2dddc1,tarris.dolven@yahoo.com,0,2025-11-01T21:28:42
298ae153-e621-4acb-959e-1700350c4468,ulren.solvik@outlook.com,0,2025-11-01T21:28:43
118d7eff-af79-473d-ab2d-2a5207c78b00,vella.morvon@gmail.com,0,2025-11-01T21:28:44
5888b434-8119-417b-b6f1-5cb7f891389e,wexron.solrex@yahoo.com,0,2025-11-01T21:28:45
304c33c9-2ab3-4233-becf-7cae10d4684d,xavin.karris@outlook.com,0,2025-11-01T21:28:46
371c4374-5c97-4a12-adf6-b0344d2d9765,yalen.marrek@gmail.com,0,2025-11-01T21:28:47
e30ff521-9619-4827-80ff-ae6bde51a5d0,zaros.solver@yahoo.com,0,2025-11-01T21:28:48
2d787fcd-d0a2-46c8-a09f-ec5a2ed83902,alira.solven@outlook.com,0,2025-11-01T21:28:49
67f1098b-1721-48e8-b879-907e792b7b69,brennix.valros@gmail.com,0,2025-11-01T21:28:50
6670adac-1199-4ad1-a551-e51a0b9150de,corlin.solmik@yahoo.com,0,2025-11-01T21:28:51
bd04bd80-7b3a-4047-8d07-0478f3a5aba6,darris.marrix@outlook.com,0,2025-11-01T21:28:52
b6cdf58a-4bb9-4cc9-8127-85ccaa2d7c00,elara.solvix@gmail.com,0,2025-11-01T21:28:53
a602c21c-a36f-461a-8656-0f560c819e75,ferron.kallis@yahoo.com,0,2025-11-01T21:28:54
e9f77a24-f164-4073-a75c-2737b2bc0eb5,galen.merrax@outlook.com,0,2025-11-01T21:28:55
9d924fb1-77c7-47af-b725-31e999a2a886,halix.solwin@gmail.com,0,2025-11-01T21:28:56
714c6176-f5e5-4908-8f9a-e54a164b9fb6,ivran.darvin@yahoo.com,0,2025-11-01T21:28:57
e474a273-055f-4913-a5ee-f92371de29d7,jorven.norlex@outlook.com,0,2025-11-01T21:28:58
9391d654-5871-4ee1-993d-ada9cc15c7da,kalren.solver@gmail.com,0,2025-11-01T21:28:59
9bef7612-09d7-430c-96d5-bb8e656ef3ce,lissa.valrix@yahoo.com,0,2025-11-01T21:29:00
d90bf017-298d-4d75-a549-497b2bf130f2,marrox.srolin@outlook.com,0,2025-11-01T21:29:01
4c3c9ded-b5d5-49ae-ac59-b528e8d281d4,nelvin.solvis@gmail.com,0,2025-11-01T21:29:02
90e02723-ad5d-471c-b490-8846d05b865c,orris.varlin@yahoo.com,0,2025-11-01T21:29:03
d084a0c2-9f60-4d46-9f92-8608ca25c414,pyra.morven@outlook.com,0,2025-11-01T21:29:04
30e0a168-be1d-4b3e-9be2-4acb405dbc95,quilan.solris@gmail.com,0,2025-11-01T21:29:05
e4e8c6f7-43a2-4dd0-b03d-e34d0fc66157,rinden.karris@yahoo.com,0,2025-11-01T21:29:06
70dfc9e4-38ac-43a9-a03c-96322b17ef47,sorrin.valvon@outlook.com,0,2025-11-01T21:29:07
6fa1074d-1878-4b19-aea1-5a51327322b1,tavis.solrex@gmail.com,0,2025-11-01T21:29:08
38659433-bd4a-43b9-ab79-df15d4c0259b,ulrix.marven@yahoo.com,0,2025-11-01T21:29:09
716d7a8b-f1a1-4c11-b72b-0c18ee122407,vexla.solver@outlook.com,0,2025-11-01T21:29:10
74056815-fabd-4b15-8ba5-f0017e06b935,werrin.morrek@gmail.com,0,2025-11-01T21:29:11
66b02854-92f1-4732-b9ae-b7a80172437b,xilla.sorves@yahoo.com,0,2025-11-01T21:29:12
0fd53e5d-fe93-41a6-96e2-2a5527a87c45,yorrin.varrix@outlook.com,0,2025-11-01T21:29:13
76a8a1bb-42ce-4025-9292-2add509e77f1,zellis.solvar@gmail.com,0,2025-11-01T21:29:14
4d424c18-57e6-4a7b-aa10-0c8ad31e9714,alrex.torvik@yahoo.com,0,2025-11-01T21:29:15
e4a57fcb-e427-4994-90cf-4561c036c7ac,bellin.solmer@outlook.com,0,2025-11-01T21:29:16
35ab8143-c453-4572-868d-207c0faa608d,corvin.solrek@gmail.com,0,2025-11-01T21:29:17
6616e3bb-6546-40fd-a7e1-b7e651ee97f1,dallis.valnik@yahoo.com,0,2025-11-01T21:29:18
c7b97cdd-fddd-4b57-98eb-99122bc45132,elora.solven@outlook.com,0,2025-11-01T21:29:19
33c99ddc-2d4c-4fc7-acb3-37dd58d44c30,farren.marvik@gmail.com,0,2025-11-01T21:29:20
307d43b0-091f-49f1-9be0-6045df9807fc,galix.solrak@yahoo.com,0,2025-11-01T21:29:21
09b3342c-0e2e-49d4-8cb8-87d8ec7f34b8,halren.varlin@outlook.com,0,2025-11-01T21:29:22
b315e4ed-083e-4233-bd7a-8d4b478697e2,ivessa.solven@gmail.com,0,2025-11-01T21:29:23
31a1eec6-b74f-44e3-aafc-5d41d58b6db0,jorvin.merrik@yahoo.com,0,2025-11-01T21:29:24
9a434581-0a69-4d69-95ec-1acba62ce586,kalra.solvik@outlook.com,0,2025-11-01T21:29:25
8c202c67-e38b-4e0b-b31c-c62ce63b9e96,loren.dorvik@gmail.com,0,2025-11-01T21:29:26
d8a28a09-4ec3-4b46-a216-154ca6f1ee55,marrix.valkin@yahoo.com,0,2025-11-01T21:29:27
583f0ad1-749f-42b0-8b4b-0083a55db330,nellis.solres@outlook.com,0,2025-11-01T21:29:28
1b7d8173-cfb0-4e99-9f12-7077d6996cb9,orven.morven@outlook.com,0,2025-11-01T21:29:29
72b87c6e-1674-4140-8975-50adf6bbbc6e,pyxis.soltar@gmail.com,0,2025-11-01T21:29:30
283c5244-97ee-43c3-bd29-affc03450831,qallen.valrik@yahoo.com,0,2025-11-01T21:29:31
33c6aa54-7d5f-4ccc-b27f-dfed0abe7b3e,raven.solrek@outlook.com,0,2025-11-01T21:29:32
a7761136-9e4f-4271-ac7f-a5c20fd141aa,sylra.merrex@gmail.com,0,2025-11-01T21:29:33
b404e5fc-1271-4737-9a0c-b3d10566d63d,tallis.solvin@yahoo.com,0,2025-11-01T21:29:34
bac5a63f-741b-4615-a2ef-958f440b3bae,ulven.varron@outlook.com,0,2025-11-01T21:29:35
edd33f49-d936-4c85-9681-0d31bacc48d5,vexla.solmik@gmail.com,0,2025-11-01T21:29:36
29f0a887-bfee-4da8-8a18-263a95a67aef,werrin.karris@yahoo.com,0,2025-11-01T21:29:37
8dcd1eaf-3198-4848-87d8-0d8e3feb11fc,xarin.solven@outlook.com,0,2025-11-01T21:29:38
25efd8f9-3768-4e5d-8621-21c8a54e22a8,yorla.marvik@gmail.com,0,2025-11-01T21:29:39
17d93b03-7636-4753-8953-aefd726c6709,zarvin.solrex@yahoo.com,0,2025-11-01T21:29:40
2c0f35da-e406-448c-bb84-aa122a8d669b,alven.valris@outlook.com,0,2025-11-01T21:29:41
d2ec22e7-8e2a-409e-84f0-7bf603fe9c5a,brenna.solmer@gmail.com,0,2025-11-01T21:29:42
a00b4461-b688-4fbe-a0ce-ec7b85921730,corlex.morvik@yahoo.com,0,2025-11-01T21:29:43
0e3e4566-4ad0-444e-bab2-6a4e2e57c6eb,daris.soltek@outlook.com,0,2025-11-01T21:29:44
d8a04833-7064-4c5f-9679-bdf50344b510,elina.varlen@gmail.com,0,2025-11-01T21:29:45
287c3cfe-354b-45fd-8930-c0a724447a3c,ferron.solrik@yahoo.com,0,2025-11-01T21:29:46
db20cd2c-675d-4a6e-83a3-48dd04c7932a,galven.marvin@outlook.com,0,2025-11-01T21:29:47
f36126ed-52f5-423b-93af-00932bdfcc87,halix.solven@gmail.com,0,2025-11-01T21:29:48
e2a5975b-62a2-48b0-8d13-1f773a9a26b2,ivran.kallis@yahoo.com,0,2025-11-01T21:29:49
23fb1822-0753-407c-9d8a-26507ea6edbd,jorin.solrex@outlook.com,0,2025-11-01T21:29:50
adca0460-6d4c-445e-a9f2-79b45a46cf44,kalra.merrek@gmail.com,0,2025-11-01T21:29:51
a51704f0-6ba2-4e3d-b03c-f47117a5009d,lorix.varnik@yahoo.com,0,2025-11-01T21:29:52
a7dbfbdf-0e83-4479-8308-77b193e98906,marin.solven@outlook.com,0,2025-11-01T21:29:53
4376e15b-1afe-4c86-8070-8dbff293cb70,norrix.solmar@gmail.com,0,2025-11-01T21:29:54
58c3f5c5-0d62-485e-bf96-86429c50c5ae,orla.merrex@yahoo.com,0,2025-11-01T21:29:55
fbc12446-a4f6-451f-b6c1-8bad37eee4cc,pyllis.solvik@outlook.com,0,2025-11-01T21:29:56
fc254c64-956c-41f2-bc5c-9a96fb5f3235,quoran.varrix@gmail.com,0,2025-11-01T21:29:57
65c28ba4-af3e-47b3-ab3b-7f83792a4ca5,rallen.solrek@yahoo.com,0,2025-11-01T21:29:58
aef26abb-d534-4fc8-b67a-091d5ec9369e,sorren.marvik@outlook.com,0,2025-11-01T21:29:59
c43e5913-35a7-4b5a-9048-9e5e3092b6eb,tallis.solvin@gmail.com,0,2025-11-01T21:30:00
b3d1ffe3-0ac1-4ba0-8f45-84515d3111e2,ulrex.karven@yahoo.com,0,2025-11-01T21:30:01
0944fe12-f440-46ea-b6f9-a65f0c4545e6,vexron.solvik@outlook.com,0,2025-11-01T21:30:02
2ff78819-b8e1-43ac-b85f-98339c4373d1,wexla.marrek@gmail.com,0,2025-11-01T21:30:03
c57cdd0d-5145-46ca-a52c-165b0ef36fdf,xarvin.solrex@yahoo.com,0,2025-11-01T21:30:04
f7b73bc5-6bc8-490a-bef8-2f4a93f42fc1,yorin.varlik@outlook.com,0,2025-11-01T21:30:05
6189c11c-2409-4619-8751-9eef1a50a0d6,zarla.solven@gmail.com,0,2025-11-01T21:30:06
48f9717a-a08d-43b7-a8ac-3542b8e624e6,alrix.merrox@yahoo.com,0,2025-11-01T21:30:07
99495143-bd80-4ecd-a1f4-26ebe0cd542d,brenor.soltek@outlook.com,0,2025-11-01T21:30:08
47693a2e-3399-4ea1-b0ce-6b6f30a57c7c,corvin.varrik@gmail.com,0,2025-11-01T21:30:09
f81099d3-98e9-4551-9986-717e0d480268,dallis.solrek@yahoo.com,0,2025-11-01T21:30:10
6eb872e8-4cbd-4f2a-b960-87cff79d5fe2,elara.marvik@outlook.com,0,2025-11-01T21:30:11
d5579253-7342-4feb-8ce9-9c04b17f1568,ferran.solvin@gmail.com,0,2025-11-01T21:30:12
dc08d262-3b7e-4f65-9e24-a1b4b086dd75,galin.kallis@yahoo.com,0,2025-11-01T21:30:13
9c49ecf1-cbaa-4b47-8a8f-10e53bb7b9ff,halven.solrex@outlook.com,0,2025-11-01T21:30:14
f2ece172-0fb1-481a-abf5-04bdd3255c1a,ivrix.varron@gmail.com,0,2025-11-01T21:30:15
883b6684-2a17-4704-a0d2-c7b5398ddb8a,jorven.soltek@yahoo.com,0,2025-11-01T21:30:16
f40185a2-13e4-44e3-9f40-4c1fa511ce00,kalra.merrex@outlook.com,0,2025-11-01T21:30:17
d6e97657-8f3d-4f46-9895-b739046432eb,lorin.solvik@gmail.com,0,2025-11-01T21:30:18
25f90c71-03f9-4a2d-b05a-826ef63440d5,marra.varlik@yahoo.com,0,2025-11-01T21:30:19
dee8187e-632e-4805-83af-a9dd0dc271ce,norris.solrek@outlook.com,0,2025-11-01T21:30:20
00264a89-4d4a-43ce-bb40-aec93ea7d086,orlia.marven@gmail.com,0,2025-11-01T21:30:21
6c8283b5-48c5-4026-a593-47e8b58bdeaf,pyxis.solvar@yahoo.com,0,2025-11-01T21:30:22
166f3f90-dec3-4020-aa68-4893ae9aae2b,qallen.solnik@outlook.com,0,2025-11-01T21:30:23
90b0fb29-e11a-493f-a143-fd2e6566d214,riven.marrek@gmail.com,0,2025-11-01T21:30:24
83ffd97d-2d32-47cd-9821-fbfbac525bee,sylra.solmik@yahoo.com,0,2025-11-01T21:30:25
f142cf66-c8c0-4b92-b102-0e099f29a546,tallis.varvon@outlook.com,0,2025-11-01T21:30:26
3e544123-226a-4bc6-9742-8d0c5b634c15,ulven.solrex@gmail.com,0,2025-11-01T21:30:27
20308062-2fc8-47b2-9362-dbf3bc46ae3f,vexa.marvik@yahoo.com,0,2025-11-01T21:30:28
425d3a0f-a022-4cad-94f7-4b1039738425,warren.soltek@outlook.com,0,2025-11-01T21:30:29
15822e46-8bfa-44c6-a7c7-dded18cc419e,xylis.varlen@gmail.com,0,2025-11-01T21:30:30
3578be61-2f23-43e6-96f7-f8e106c32483,yorra.solvin@yahoo.com,0,2025-11-01T21:30:31
4ac0fa18-568c-4e2f-9ca3-5f8cffecd86f,zarvin.merrik@outlook.com,0,2025-11-01T21:30:32
64d0d32d-1493-48ff-b3f3-7a251a0c4046,alven.solrek@gmail.com,0,2025-11-01T21:30:33
c67facfc-a271-4eab-a5d6-c9f1596c760b,berrix.varrox@yahoo.com,0,2025-11-01T21:30:34
851201b2-6bc9-416a-aced-0a65efb94825,corlen.solven@outlook.com,0,2025-11-01T21:30:35
4c440af4-f577-43b9-9b79-9e8dba972c42,darris.marvik@gmail.com,0,2025-11-01T21:30:36
1ad16d09-189b-43f1-a6af-6af4681f8a88,elira.soltek@yahoo.com,0,2025-11-01T21:30:37
1fd26ddd-ad57-4635-bffb-f63d1f1fd32b,farrix.solven@outlook.com,0,2025-11-01T21:30:38
902f20e3-8341-4421-93f6-f09adbb498c3,galen.varnik@gmail.com,0,2025-11-01T21:30:39
228a712e-d806-468f-8f02-1dc7f6e20d7d,halvin.solrex@yahoo.com,0,2025-11-01T21:30:40
5a6f3eb8-34ab-4b7f-aec0-c411718daeca,ivran.marven@outlook.com,0,2025-11-01T21:30:41
db9b6085-1ed3-43b9-bdba-0062ed8d83ca,jorlin.solvik@gmail.com,0,2025-11-01T21:30:42
7a740059-d86b-4d08-b606-1b242c85c9ad,kalra.varnik@yahoo.com,0,2025-11-01T21:30:43
b07fde4f-ed6c-43f7-920e-58cadb2a6d10,loren.solrex@outlook.com,0,2025-11-01T21:30:44
2ad29a13-c4b2-4bb0-81c7-07c6225ed5cb,marrix.solven@gmail.com,0,2025-11-01T21:30:45
4f5482ee-fcea-43e1-a8b5-1c4fd3b6ce67,norren.marvik@yahoo.com,0,2025-11-01T21:30:46
6b2077b5-df68-4004-82aa-7148bbf81415,orla.solmik@outlook.com,0,2025-11-01T21:30:47
de85a275-3437-485e-9595-7cf04bfd40ab,pyxis.varrik@gmail.com,0,2025-11-01T21:30:48
fce25140-564c-4a2e-ad20-95f4557f2d25,quellis.solrek@yahoo.com,0,2025-11-01T21:30:49
a2ad4225-c710-4d17-b983-4559dcff6c81,rallen.marvik@gmail.com,0,2025-11-01T21:30:50
ae31f631-d7fd-400f-916c-eec3029ef523,sorra.solven@gmail.com,0,2025-11-01T21:30:51
77d6ba3b-aa49-4726-a76e-f398d7b73a36,tallis.varnik@yahoo.com,0,2025-11-01T21:30:52
6051a7b8-d5f4-4c7e-bc86-1e20819b2998,ulrex.solvik@outlook.com,0,2025-11-01T21:30:53
58f62315-aa72-461f-8684-343bbd083384,vexla.marrek@gmail.com,0,2025-11-01T21:30:54
64edab9c-aac9-4474-8a99-9e8caf9ee55c,werrin.solrik@yahoo.com,0,2025-11-01T21:30:55
fb994e9b-d4b2-4ac6-b09a-7b2f382d0241,xarin.solven@gmail.com,0,2025-11-01T21:30:56
cbd653d0-601f-47ce-95a2-1e7e1a318ba7,yorla.varven@gmail.com,0,2025-11-01T21:30:57
cb164728-1683-4240-bb30-4cb788ac873d,zarvin.solrek@yahoo.com,0,2025-11-01T21:30:58
61c02ddb-5c00-4a21-844e-e093ae5151b3,alven.marvik@outlook.com,0,2025-11-01T21:30:59
5e37b88c-2a0d-4f12-84e7-80e968b9fcd7,brenna.solven@gmail.com,0,2025-11-01T21:31:00
685473bf-a8f2-4f80-96e9-00cd6b24965b,corlex.varrik@yahoo.com,0,2025-11-01T21:31:01
60888463-1c8d-4ef9-88be-32acbc1ba7f3,daris.solmik@outlook.com,0,2025-11-01T21:31:02
67b520fa-75da-4851-b288-9bd0756ac4b7,elina.solrek@outlook.com,0,2025-11-01T21:31:03
03e5a62d-e531-441c-af79-ef4e467a68c9,ferron.marven@gmail.com,0,2025-11-01T21:31:04
c5e3afd7-6a36-4f24-8a73-1f397ef1ab39,galven.solvar@yahoo.com,0,2025-11-01T21:31:05
d0340d0f-07b2-4f47-bb93-2ae7de889a97,halix.varlen@outlook.com,0,2025-11-01T21:31:06
e7b352b4-32a5-4522-88f8-03dba37cbc26,ivran.solrik@gmail.com,0,2025-11-01T21:31:07
d1b5c419-cbde-49de-83ba-968244600253,jorin.marvik@yahoo.com,0,2025-11-01T21:31:08
02a641f9-adef-463f-b07e-70bcec9b959b,kalra.solven@outlook.com,0,2025-11-01T21:31:09
f827d72e-7579-431d-ac2e-6ae694acb635,lorix.varnik@gmail.com,0,2025-11-01T21:31:10
36969410-78bb-406f-8408-bc023675f597,marin.solrek@yahoo.com,0,2025-11-01T21:31:11
d6dd2c89-fffb-4b9e-93df-6813fdc04d73,norrix.marvik@outlook.com,0,2025-11-01T21:31:12
70feaf42-0fad-4bde-8b4f-ab99a5bb6c12,orla.solvin@outlook.com,0,2025-11-01T21:31:13
e59abbf9-cc0c-4a3a-924b-e6009f861a26,pyllis.varrik@gmail.com,0,2025-11-01T21:31:14
46381945-ccdb-45b7-81ef-13ac1709caae,quoran.solrex@yahoo.com,0,2025-11-01T21:31:15
cbf4801b-d018-417c-8c8c-c6efa20969b8,rallen.marven@outlook.com,0,2025-11-01T21:31:16
21e5de32-9db2-4a13-ad99-3832b0078879,sorren.solven@gmail.com,0,2025-11-01T21:31:17
0f6d4b42-705b-44cb-a9e7-7b5043dc493d,tallis.varnik@gmail.com,0,2025-11-01T21:31:18
3ef7c26a-e5a8-43a5-8b96-f753da4489e1,ulrex.solmik@outlook.com,0,2025-11-01T21:31:19
ac337e01-a929-466d-a412-17f377e4d1ee,vexron.marvik@gmail.com,0,2025-11-01T21:31:20
4e5c6efa-b3b8-4240-8b0a-bd6140b2df8a,wexla.solrek@yahoo.com,0,2025-11-01T21:31:21
d6e2f3bf-0593-4fb0-8988-2e3a04e5e76a,xarvin.varlen@outlook.com,0,2025-11-01T21:31:22
2710c767-8cc7-4b08-95c8-3280183f7356,yorin.solven@gmail.com,0,2025-11-01T21:31:23
29cf1562-b0d8-4119-9553-95efd8bcfb18,zarla.marvik@yahoo.com,0,2025-11-01T21:31:24
8d9406aa-6785-4197-af76-ec91d2577133,alrix.solrek@outlook.com,0,2025-11-01T21:31:25
2b67cfdd-a968-4df8-9975-a58017bc0ad5,brenor.varrik@gmail.com,0,2025-11-01T21:31:26
8bfdd229-c871-4ef8-8bb1-06ffb5d27a98,corvin.solvin@yahoo.com,0,2025-11-01T21:31:27
57bddbdc-486b-411b-81c4-abec612894e0,dallis.marven@outlook.com,0,2025-11-01T21:31:28
de6b6627-1a3a-4be8-8cb7-b558ef783720,elara.solrek@outlook.com,0,2025-11-01T21:31:29
be414ccf-ccda-4eab-a8b3-6b3a5b36ccf9,ferran.varnik@gmail.com,0,2025-11-01T21:31:30
81b50f45-2940-4dc6-8f17-840dbef1d39d,galin.solven@yahoo.com,0,2025-11-01T21:31:31
9f6e9caa-8ea7-4045-8cc1-e4625e070bc9,halven.marvik@outlook.com,0,2025-11-01T21:31:32
cdd3ee08-89f1-42a7-a201-1da9601521f4,ivrix.solrek@gmail.com,0,2025-11-01T21:31:33
e7dfff2d-f7ca-471c-9617-4d822ea83538,jorven.varlen@yahoo.com,0,2025-11-01T21:31:34
fbe00da4-fd39-46bd-9965-dd749a1784a9,kalra.solvik@gmail.com,0,2025-11-01T21:31:35
5a5c169c-457f-4b75-8991-35a1f607d7b2,lorin.marven@gmail.com,0,2025-11-01T21:31:36
98e82e20-f894-4269-9e14-2b57e7894939,marra.solrek@yahoo.com,0,2025-11-01T21:31:37
92fbcfae-ef6b-4268-919d-eea9aa69d4ff,norris.varrik@outlook.com,0,2025-11-01T21:31:38
0c13aee9-dfd9-46b6-aed7-3f0d99dde2e9,orlia.solven@gmail.com,0,2025-11-01T21:31:39
f08d0695-38f2-44d4-ad7d-5e9b5ed74746,pyxis.marvik@yahoo.com,0,2025-11-01T21:31:40
eb589741-a267-4648-b611-e40bc4ec223b,qallen.solrek@outlook.com,0,2025-11-01T21:31:41
d911444c-19da-4e12-89c1-ce11f17a8398,riven.varnik@gmail.com,0,2025-11-01T21:31:42
8f1da5f8-c631-4447-b956-956112b924f2,sylra.solven@yahoo.com,0,2025-11-01T21:31:43
ca4e0a94-9165-4ff6-9efc-123619676713,tallis.marvik@outlook.com,0,2025-11-01T21:31:44
588282fe-0a7d-44fa-a488-c0912a82e76e,ulven.solrek@gmail.com,0,2025-11-01T21:31:45
563c01b5-1d32-481b-b48d-e0ebfb4f18e7,vexa.varlen@yahoo.com,0,2025-11-01T21:31:46
70b496b6-7726-4bd9-97e0-447671be2781,warren.solvik@outlook.com,0,2025-11-01T21:31:47
89752298-fb34-4f32-a80d-c87ba47cbb01,xylis.marven@gmail.com,0,2025-11-01T21:31:48
95c3d73d-dcb4-4e00-bcbe-95ad4e63fa17,yorra.solrek@yahoo.com,0,2025-11-01T21:31:49
176d636a-9b4d-45b7-8f90-2570a693f62f,zarvin.varrik@outlook.com,0,2025-11-01T21:31:50
198e1759-9559-4931-9cb1-f3fb24ba88da,alven.solven@gmail.com,0,2025-11-01T21:31:51
4f494e32-1887-4d1b-86d1-f28c8a031147,berrix.marvik@yahoo.com,0,2025-11-01T21:31:52
f0e04040-f0ee-45e2-ae29-92665b9e3592,corlen.solrek@outlook.com,0,2025-11-01T21:31:53
c987efe9-5cec-4849-9ab6-9858c1b81a60,darris.varnik@gmail.com,0,2025-11-01T21:31:54
8fb8b536-cc67-40a7-8300-f3904baaaead,elira.solven@yahoo.com,0,2025-11-01T21:31:55
705745e2-5f08-4948-8a9e-8045e83f365b,farrix.marven@outlook.com,0,2025-11-01T21:31:56
2cb2db76-31f7-4749-8463-2af7a05224fb,galen.solrek@gmail.com,0,2025-11-01T21:31:57
9d7fb8fe-e939-442e-b267-93b753f173d3,halvin.varrik@yahoo.com,0,2025-11-01T21:31:58
7ba274f5-2ba2-41fb-8d49-75d12f244ea6,ivran.solven@outlook.com,0,2025-11-01T21:31:59
fd15a9c3-ddd9-4a1f-b961-24456e11d88c,jorlin.marvik@gmail.com,0,2025-11-01T21:32:00
8e0caa4b-fc62-4b91-9552-e7b7848c99f0,kalra.solrek@yahoo.com,0,2025-11-01T21:32:01
da569412-e1c1-4820-ad99-c66ee2f958ad,loren.varnik@outlook.com,0,2025-11-01T21:32:02
5a97e19d-350c-4129-a149-e031d54a0381,marrix.solven@outlook.com,0,2025-11-01T21:32:03
470f4a21-a8fe-4a8b-b986-b1e768a742de,norren.marven@yahoo.com,0,2025-11-01T21:32:04
1022dc40-30c7-43a7-84e5-dfa54c86076a,orla.solrek@outlook.com,0,2025-11-01T21:32:05
a1a78667-0451-4cd7-9cd9-00783d420210,pyxis.varrik@outlook.com,0,2025-11-01T21:32:06
de282523-880e-4fe4-bc88-096fcc93507e,quellis.solven@yahoo.com,0,2025-11-01T21:32:07
8f3500fc-a385-4808-bbd6-7a924e7429c0,rallen.marvik@yahoo.com,0,2025-11-01T21:32:08
845ce98e-ac94-4b62-92ed-4b081e10f389,sorra.solrek@gmail.com,0,2025-11-01T21:32:09
3edae270-6c8c-4848-81c9-183a9946d38c,tallis.varnik@proton.me,0,2025-11-01T21:32:10
9a5f7d69-dc4e-46f3-b6a6-b33b70cfb1a2,ulrex.solven@outlook.com,0,2025-11-01T21:32:11
a4da113c-76ec-4fad-a1a3-5056bbbe8c53,vexron.marvik@outlook.com,0,2025-11-01T21:32:12
aa975d85-bd7e-43d0-ba64-31e96305f33a,wexla.solrek@gmail.com,0,2025-11-01T21:32:13
fd0be97b-6b28-4fa8-b3eb-beccae20ad8e,xarvin.varrik@outlook.com,0,2025-11-01T21:32:14
550e6cf2-7a00-4230-ade3-d30d664bbccc,yorin.solven@outlook.com,0,2025-11-01T21:32:15
666d86bc-b4fc-4484-9cd6-f05802f408dd,zarla.marvik@gmail.com,0,2025-11-01T21:32:16
6c43349a-fc4c-47f0-8026-c98ba42cb3b5,alrix.solrek@gmail.com,0,2025-11-01T21:32:17
1ec52408-1ad5-4917-826e-4e1ce8e44ec1,brenor.varnik@gmail.com,0,2025-11-01T21:32:18
b5664360-d589-443d-8299-cd5a4f518c07,corvin.solven@yahoo.com,0,2025-11-01T21:32:19
e1f58d4a-0dba-4358-ae2f-32836400547e,dallis.marvik@outlook.com,0,2025-11-01T21:32:20
035df1c8-f0de-4bad-b51a-148689fff88c,elara.solrek@gmail.com,0,2025-11-01T21:32:21
86be58e3-1fb9-426b-ab46-1696a9dcabf3,ferran.varrik@gmail.com,0,2025-11-01T21:32:22
6afe5344-ff61-4d54-ba3c-3925823717f8,galin.solven@gmail.com,0,2025-11-01T21:32:23
73dfa9c8-f156-40a6-bec5-c4cbfdde51be,halven.marvik@gmail.com,0,2025-11-01T21:32:24
07810d1f-b030-4748-ac27-f372e81dae45,ivrix.solrek@outlook.com,0,2025-11-01T21:32:25
95248c0f-78b4-4453-9be7-244c8d061097,jorven.varrik@yahoo.com,0,2025-11-01T21:32:26
b3bd151b-9f89-4ae6-a435-5f26aa52c406,kalra.solven@gmail.com,0,2025-11-01T21:32:27
7fb97054-8734-4dcf-8d71-2c3f4e4ab65b,lorin.marvik@gmail.com,0,2025-11-01T21:32:28
ebd7713e-4f2f-4501-8d7e-b9662893ffdb,marra.solrek@gmail.com,0,2025-11-01T21:32:29
0a3c8e20-a9b9-48a1-8fdf-192d7ddaca0c,norris.varnik@outlook.com,0,2025-11-01T21:32:30
3bdbaf59-470d-4c4d-bdf8-a3a987fb5bc9,orlia.solven@outlook.com,0,2025-11-01T21:32:31
72297d20-6938-4638-89b4-b12a9e87a801,pyxis.marvik@gmail.com,0,2025-11-01T21:32:32
4a59d8da-4d61-4de0-8173-01e47d3714d3,qallen.solrek@gmail.com,0,2025-11-01T21:32:33
de6983f7-cd53-4199-a7b1-505604922707,riven.varnik@outlook.com,0,2025-11-01T21:32:34
13c75100-ff00-4c8c-8f3b-6eaab461bbd2,sylra.solven@gmail.com,0,2025-11-01T21:32:35
b3a0cb25-fd13-4b56-a355-1a4fcd3de4b7,tallis.marvik@gmail.com,0,2025-11-01T21:32:36
cbc54dff-d18b-4d80-b916-9306338ae8e5,ulven.solrek@outlook.com,0,2025-11-01T21:32:37
6183f693-3120-49d4-836b-efb8540736cc,vexa.marvik@gmail.com,0,2025-11-01T21:32:38
53d0b370-ddf1-4ecf-82ee-45021d49b377,warren.solven@outlook.com,0,2025-11-01T21:32:39
49a4cf4d-3283-45dc-8417-a312a5103f0b,xylis.varrik@gmail.com,0,2025-11-01T21:32:40
16db2124-2839-43c6-bb4f-4f8198ed54c1,yorra.solrek@gmail.com,0,2025-11-01T21:32:41
4109f247-599c-4aea-a498-886c61009722,zarvin.marven@outlook.com,0,2025-11-01T21:32:42
6bdda829-de99-46a1-b68c-35100ca525d5,alven.solvik@gmail.com,0,2025-11-01T21:32:43
a06c0edd-c422-41a2-ae55-44d2daed3057,berrix.varnik@yahoo.com,0,2025-11-01T21:32:44
e39fa6b2-7a02-4c92-9934-e72ee9b82bc7,corlen.solrek@gmail.com,0,2025-11-01T21:32:45
56fc27ad-84df-4667-86f0-0656a82f530b,darris.solven@gmail.com,0,2025-11-01T21:32:46
89b80082-a399-4614-b28b-9f2af38df424,elira.marvik@yahoo.com,0,2025-11-01T21:32:47
891be5d2-d4bb-434e-bb95-96d99e574667,farrix.solrek@outlook.com,0,2025-11-01T21:32:48
6a14853c-1545-41dc-b153-ce5365e3304b,galen.varrik@gmail.com,0,2025-11-01T21:32:49
92a4a468-45f9-4b18-8ca8-a6b438d29524,halvin.solven@yahoo.com,0,2025-11-01T21:32:50
6f78f439-23f0-445f-8ce1-0b57045a3618,ivran.marvik@outlook.com,0,2025-11-01T21:32:51
030ca06a-9fa4-4f79-96a0-04792a76be11,jorlin.solrek@gmail.com,0,2025-11-01T21:32:52
c47aba61-99f0-4892-9f64-8f1165b64d0c,kalra.varnik@gmail.com,0,2025-11-01T21:32:53
536bf993-909d-40fb-90aa-4c9799300985,loren.solven@outlook.com,0,2025-11-01T21:32:54
5c6a9923-6b8e-4291-8b16-8e16828061d3,marrix.marvik@gmail.com,0,2025-11-01T21:32:55
aa502f50-6769-4256-9dd0-aad657140dbe,norren.solrek@yahoo.com,0,2025-11-01T21:32:56
355c1935-2fc6-4e9e-a4d0-70aa3fe0f7fa,orla.varrik@outlook.com,0,2025-11-01T21:32:57
6fdbd1fd-a3ef-4628-802a-e3919bc1fad4,pyxis.solven@gmail.com,0,2025-11-01T21:32:58
5b552ab7-2a42-4d37-ba67-c4607186fd66,qallen.marvik@yahoo.com,0,2025-11-01T21:32:59
aaef9564-1b43-497d-92f3-4a627b0121bb,riven.solrek@outlook.com,0,2025-11-01T21:33:00
f9ab23ea-9340-40ed-b2cc-ee102a024470,sylra.varrik@gmail.com,0,2025-11-01T21:33:01
162d57ec-172f-4647-9958-6930289551c0,tallis.solven@yahoo.com,0,2025-11-01T21:33:02
c7c0927e-7fef-4d66-93f3-08b1d2f5bec1,ulrex.marvik@outlook.com,0,2025-11-01T21:33:03
ef6c0d6d-1f38-44f4-8970-22f58f02a760,vexron.solrek@gmail.com,0,2025-11-01T21:33:04
b5202384-fcaa-4d34-ae42-fa2072685be3,wexla.varrik@yahoo.com,0,2025-11-01T21:33:05
a2d421eb-85a2-4f04-a05c-14084a3b20b7,xarvin.solven@outlook.com,0,2025-11-01T21:33:06
f18b8534-4f47-4d13-b042-42ae31503e70,yorin.marvik@gmail.com,0,2025-11-01T21:33:07
910b68e7-2164-4042-a024-fa517559f3d6,zarla.solrek@yahoo.com,0,2025-11-01T21:33:08
2ba17f47-8093-4764-be2f-2bcff4639472,alrix.varnik@outlook.com,0,2025-11-01T21:33:09
43111cb9-28f7-4fce-ab5d-8576aaddad45,brenor.solven@gmail.com,0,2025-11-01T21:33:10
a7ec833f-7ed9-4fbd-9ce6-b219b1bc882b,corvin.marvik@yahoo.com,0,2025-11-01T21:33:11
9484ecf3-155f-452f-bf1e-cc4de81e25c5,dallis.solrek@outlook.com,0,2025-11-01T21:33:12
0853ac7f-46ec-4877-b38a-5d7b830544e4,elara.varrik@gmail.com,0,2025-11-01T21:33:13
042017a6-b258-4189-9c14-db412b9f3b61,ferran.solven@yahoo.com,0,2025-11-01T21:33:14
62459564-7acc-46bd-81dd-f5f8360299fd,galin.marvik@outlook.com,0,2025-11-01T21:33:15
5bc3d508-b230-4759-917f-5290790012d3,halven.solrek@gmail.com,0,2025-11-01T21:33:16
0b610b30-d931-4c8f-9bbe-aab75ccc1e8e,ivrix.varnik@yahoo.com,0,2025-11-01T21:33:17
9f82c369-3f7a-4ac5-9ef6-7d1d18b30281,jorven.solven@outlook.com,0,2025-11-01T21:33:18
bc735197-179b-41b0-9578-3e6402a9bb92,kalra.marvik@gmail.com,0,2025-11-01T21:33:19
310604e1-b6f5-4f83-929d-a42bb6261839,lorin.solrek@yahoo.com,0,2025-11-01T21:33:20
8732e83a-835c-434e-8d96-4a6430497307,marra.varrik@outlook.com,0,2025-11-01T21:33:21
3565ebc4-2e8d-46fa-a3e6-210ac10d4f00,norris.solven@gmail.com,0,2025-11-01T21:33:22
fcc49ffc-875e-4e5c-8599-2c840a53a3e0,orlia.marvik@yahoo.com,0,2025-11-01T21:33:23
ee5c33af-18ba-43c7-8617-ff1c0fde93e9,pyxis.solrek@outlook.com,0,2025-11-01T21:33:24
257b614a-22db-4188-978e-ba8defd6cb76,quellis.varrik@gmail.com,0,2025-11-01T21:33:25
1cc68551-d3a4-4b16-b445-75dc10eca641,rallen.solven@yahoo.com,0,2025-11-01T21:33:26
1fd3786b-26a9-4a12-b0f2-c4a97de07456,sorra.marvik@outlook.com,0,2025-11-01T21:33:27
15ad7daa-daeb-4f9a-a9f9-c92a91f54c69,tallis.solrek@gmail.com,0,2025-11-01T21:33:28
a4a0948b-1760-4ee7-9261-576e0cb0d90a,ulrex.varnik@yahoo.com,0,2025-11-01T21:33:29
782d3bd5-86c5-4536-a96b-66d353df1ab0,vexron.solven@outlook.com,0,2025-11-01T21:33:30
252a4ca3-d69e-492e-b045-29eb4bc53a90,wexla.marvik@gmail.com,0,2025-11-01T21:33:31
6fc713e9-a2a7-4920-bdb8-225979624191,xarvin.solrek@yahoo.com,0,2025-11-01T21:33:32
c4cd6b91-b350-4f4a-b224-a8ffc4e69889,yorin.varrik@outlook.com,0,2025-11-01T21:33:33
40eb6e75-608a-4cbc-82b2-4c16b6cefbb6,zarla.solven@outlook.com,0,2025-11-01T21:33:34
de71e2e5-42db-4f0e-b68b-8544d23a2af2,alrix.marvik@yahoo.com,0,2025-11-01T21:33:35
60454a1e-685c-40da-a100-63eea5f45957,brenor.solrek@outlook.com,0,2025-11-01T21:33:36
d96746ee-2b02-4116-ba31-a024cbf52226,corvin.varrik@outlook.com,0,2025-11-01T21:33:37
265e6ac9-2fda-4fa5-aa19-3c40008425fc,dallis.solven@yahoo.com,0,2025-11-01T21:33:38
80d3b521-528d-447c-bd65-3809945ffd38,elara.marvik@gmail.com,0,2025-11-01T21:33:39
bc222256-64e1-4742-b9d6-89e312b0eec6,ferran.solrek@gmail.com,0,2025-11-01T21:33:40
c32b5a0c-4447-4626-bd53-6727484af81f,galin.varrik@yahoo.com,0,2025-11-01T21:33:41
0dc4a2f6-c432-434a-b435-ee77012940c0,halven.solven@outlook.com,0,2025-11-01T21:33:42
3068d355-4ec2-44b1-843e-994ab8ce8be8,ivrix.marvik@gmail.com,0,2025-11-01T21:33:43
1f4c576a-de6c-4095-96f4-199e2a163c62,jorven.solrek@yahoo.com,0,2025-11-01T21:33:44
a4f7ffee-a68d-4260-b4f1-740eb805c6aa,kalra.varnik@outlook.com,0,2025-11-01T21:33:45
f328f9fe-bd5d-4239-8790-60707be679f2,lorin.solven@gmail.com,0,2025-11-01T21:33:46
c43d5214-131b-45ec-9daa-83ee4c9ff26b,marra.marvik@yahoo.com,0,2025-11-01T21:33:47
7dcf0202-ec97-41cd-b250-182a91cea369,norris.solrek@gmail.com,0,2025-11-01T21:33:48
6165f949-f447-4a15-b374-7e983798a649,orlia.varrik@gmail.com,0,2025-11-01T21:33:49
90b71d71-050b-437b-89f0-959dfffc8b61,pyxis.solven@yahoo.com,0,2025-11-01T21:33:50
93deae65-5e0e-43ee-ab37-e0491d89bf10,qallen.marvik@outlook.com,0,2025-11-01T21:33:51
ecf23cbc-27e2-4db4-97de-c9ba06694095,riven.solrek@gmail.com,0,2025-11-01T21:33:52
3eb9a121-eca9-4e3a-a152-69fdcc243e45,sylra.varrik@yahoo.com,0,2025-11-01T21:33:53
1492ab6c-e99e-47c3-ad54-c0a617bad488,tallis.solven@outlook.com,0,2025-11-01T21:33:54
e97eac44-d11c-4cba-864b-285a0838b5a4,ulrex.marvik@gmail.com,0,2025-11-01T21:33:55
4b20de8f-8032-47c3-b408-388f0c828896,vexron.solrek@yahoo.com,0,2025-11-01T21:33:56
d4cd5eab-ee6a-49e9-b53e-0a5f4fe38f4f,wexla.varrik@outlook.com,0,2025-11-01T21:33:57
ea409c51-488f-441a-8b96-70d7081e2ed9,xarvin.solven@gmail.com,0,2025-11-01T21:33:58
84405e37-6476-400f-a8f8-e40d41aaca4e,yorin.marvik@yahoo.com,0,2025-11-01T21:33:59
9e1fa9a2-8ace-4900-b543-099777e19ad9,zarla.solrek@outlook.com,0,2025-11-01T21:34:00
f3a8cb76-1c54-4f66-bbf3-e53cd4865b86,alrix.varnik@gmail.com,0,2025-11-01T21:34:01
bdfd5426-d510-4952-ab15-034f665403ba,brenor.solven@yahoo.com,0,2025-11-01T21:34:02
112e78bf-ea79-477a-9749-bd236ccf2dcd,corvin.marvik@outlook.com,0,2025-11-01T21:34:03
40635ce9-d82a-4900-8a0b-1623451eba42,dallis.solrek@gmail.com,0,2025-11-01T21:34:04
76b00646-4e50-466e-9ae2-b968d136d51f,elara.varrik@yahoo.com,0,2025-11-01T21:34:05
be404511-9604-4804-9db8-82351c4589d0,ferran.solven@outlook.com,0,2025-11-01T21:34:06
1387c6a5-64a3-4dce-8e38-03bafb8c6ed8,galin.marvik@gmail.com,0,2025-11-01T21:34:07
53971aba-8907-4972-a1b2-97fad59fb3df,halven.solrek@yahoo.com,0,2025-11-01T21:34:08
ac8e40e1-942a-4fd4-9f3e-0543d45d7b31,ivrix.varnik@outlook.com,0,2025-11-01T21:34:09
6a44594c-c943-4b9e-8848-22c751893522,jorven.solven@gmail.com,0,2025-11-01T21:34:10
ae20da58-0499-4405-991d-deca6e82e987,kalra.marvik@yahoo.com,0,2025-11-01T21:34:11
74084428-e410-4e65-a4c3-9096a7a59da9,lorin.solrek@outlook.com,0,2025-11-01T21:34:12
4f2085cf-d4b1-4453-be27-c8229e864abf,marra.varrik@gmail.com,0,2025-11-01T21:34:13
df1dceb6-97ed-42e3-a47c-642657fe8a8b,norris.solven@yahoo.com,0,2025-11-01T21:34:14
a74929db-e855-4871-a6e3-1e3baab51ba9,orlia.marvik@outlook.com,0,2025-11-01T21:34:15
e0cea8cf-9f13-4c00-94f7-5a0334a345fb,pyxis.solrek@yahoo.com,0,2025-11-01T21:34:16
eecdfaf1-591e-433b-9867-44440b374701,quellis.varrik@yahoo.com,0,2025-11-01T21:34:17
cc288175-8795-49bc-8782-5725d627991d,rallen.solven@outlook.com,0,2025-11-01T21:34:18
b2a49c0d-ad2d-42b9-9dfd-d2a4a8f3309c,sorra.marvik@gmail.com,0,2025-11-01T21:34:19
46306a86-b5a4-40d8-80a7-9a056fc191b0,tallis.solrek@yahoo.com,0,2025-11-01T21:34:20
87dd9760-257a-4cfd-8bf5-e431302d6b28,ulrex.varnik@outlook.com,0,2025-11-01T21:34:21
565b16b5-bac8-4c23-866e-2b83803cb3fd,vexron.solven@gmail.com,0,2025-11-01T21:34:22
d2962626-a65a-4bf9-ac46-7dc3c8700327,wexla.marvik@yahoo.com,0,2025-11-01T21:34:23
f05d4965-3431-4afb-862c-ab9e18144a7c,xarvin.solrek@outlook.com,0,2025-11-01T21:34:24
098abe48-847e-4e97-9ab6-778304b0b02e,yorin.varrik@gmail.com,0,2025-11-01T21:34:25
05e8657a-b9f5-4102-8f6e-ddedd15e711a,zarla.solven@yahoo.com,0,2025-11-01T21:34:26
235700c6-60c1-4be0-ac57-33f4169c6e64,alrix.marvik@gmail.com,0,2025-11-01T21:34:27
1408f8b0-b9d1-451b-a798-6318ee88887b,brenor.solrek@gmail.com,0,2025-11-01T21:34:28
3b4451ef-5712-4852-b304-a7495bba6044,corvin.varrik@yahoo.com,0,2025-11-01T21:34:29
77f0e1a3-9963-471c-b3f9-bbcc600e81af,dallis.solven@gmail.com,0,2025-11-01T21:34:30
11c88380-3fbf-41c8-8b60-04708c48da4d,elara.marvik@yahoo.com,0,2025-11-01T21:34:31
4d9e7c88-92b6-4546-ba3c-8089f93c7ad1,ferran.solrek@outlook.com,0,2025-11-01T21:34:32
199ffacf-d05f-4d28-80f8-6bb58954bbf7,galin.varrik@gmail.com,0,2025-11-01T21:34:33
add02b8f-3bfc-4f34-9849-3b6f99d04876,halven.solven@gmail.com,0,2025-11-01T21:34:34
5afbafd0-3fa8-4e05-83d7-9a019a2b1f43,ivrix.marvik@outlook.com,0,2025-11-01T21:34:35
0cab1b23-a0ae-48d8-b8a6-4511bee91011,jorven.solrek@gmail.com,0,2025-11-01T21:34:36
7a77fce6-6d54-4b80-97bd-0855b515395c,kalra.varnik@proton.me,0,2025-11-01T21:34:37
f9036475-af67-49f2-98e9-0c5d44bf568f,lorin.solven@outlook.com,0,2025-11-01T21:34:38
5a8cc4a8-4196-4c55-84be-d7aa620d907b,marra.marvik@gmail.com,0,2025-11-01T21:34:39
eb03c0ec-1fad-4eb7-879b-2f0914af69e9,norris.solrek@yahoo.com,0,2025-11-01T21:34:40
d2e8c6e0-6f0f-43af-9127-e4b419622010,orlia.varrik@outlook.com,0,2025-11-01T21:34:41
0d581f55-80e0-4efe-b566-801cc3534e49,pyxis.solven@proton.me,0,2025-11-01T21:34:42
2da3f004-149b-41f4-a100-0f76c2f1a932,qallen.marvik@gmail.com,0,2025-11-01T21:34:43
c327bb76-4fcd-47aa-9824-b0a2ff80e44a,riven.solrek@yahoo.com,0,2025-11-01T21:34:44
b56373c5-84c5-4309-ba84-45662c25753e,sylra.varrik@proton.me,0,2025-11-01T21:34:45
fbab1799-642f-4f4f-8732-9479866cdda9,tallis.solven@gmail.com,0,2025-11-01T21:34:46
df184eea-117f-4f36-b2f0-6f8bd8d85ff4,ulrex.marvik@yahoo.com,0,2025-11-01T21:34:47
e0c2db7e-9a1f-4de9-a3e4-2fdd0d47e0e8,vexron.solrek@proton.me,0,2025-11-01T21:34:48
dd7e7f38-1195-4c71-97fa-01d67ad2fa5a,wexla.varrik@gmail.com,0,2025-11-01T21:34:49
dc1c0770-d00d-4938-9dac-15c597a958b5,xarvin.solven@yahoo.com,0,2025-11-01T21:34:50
265cca38-d78a-4022-8094-081c9df262fa,yorin.marvik@proton.me,0,2025-11-01T21:34:51
45243347-2078-4365-92ae-b7ebb7ab0e67,zarla.solrek@gmail.com,0,2025-11-01T21:34:52
60a92e7b-67f6-4176-ab21-a34effef389d,alrix.varnik@yahoo.com,0,2025-11-01T21:34:53
292232ff-3042-4ce2-969f-04fbc4cb7e48,brenor.solven@proton.me,0,2025-11-01T21:34:54
eba18fb2-e561-4248-aa23-2f10bc7631e4,corvin.marvik@gmail.com,0,2025-11-01T21:34:55
05187819-f3d2-4f50-be65-21e67e788b7d,dallis.solrek@proton.me,0,2025-11-01T21:34:56
b7f80198-44fd-40b6-ae10-ddc528e8f4af,elara.varrik@proton.me,0,2025-11-01T21:34:57
3b8c4151-8600-4bc7-97e2-f776146b1199,ferran.solven@gmail.com,0,2025-11-01T21:34:58
0faf77bd-4f2d-4b6e-8502-960aa6a44e93,galin.marvik@yahoo.com,0,2025-11-01T21:34:59
322a0742-083b-4849-b8fa-05e54f839dc1,halven.solrek@proton.me,0,2025-11-01T21:35:00
9ec87c2d-f908-4674-8ac3-7735fcc818d8,ivrix.varnik@gmail.com,0,2025-11-01T21:35:01
a50a668d-a820-413d-a842-0d1e8fc353c7,jorven.solven@yahoo.com,0,2025-11-01T21:35:02
d79556aa-9d92-40c9-a035-62cecb41ec26,kalra.marvik@proton.me,0,2025-11-01T21:35:03
ee65e448-9db7-4886-8ffb-0266d3da6294,lorin.solrek@gmail.com,0,2025-11-01T21:35:04
c806b393-b1ca-4d35-8a5e-84e760e7d13c,marra.varrik@yahoo.com,0,2025-11-01T21:35:05
cc84c888-3f22-4396-8b84-f3ad68702545,norris.solven@proton.me,0,2025-11-01T21:35:06
bad8283d-ecb5-400d-9867-a0c97fe30426,orlia.marvik@gmail.com,0,2025-11-01T21:35:07
85743425-0a92-4294-ac5f-4ab59722d0aa,pyxis.solrek@proton.me,0,2025-11-01T21:35:08
c5cb52d3-5b0f-4cef-b327-b13c356665df,quellis.varrik@proton.me,0,2025-11-01T21:35:09
d012b7f6-976f-4402-bbd2-a07aebed7b3f,rallen.solven@gmail.com,0,2025-11-01T21:35:10
294bd548-b114-4a6a-95d9-ea3a6da72a10,sorra.marvik@yahoo.com,0,2025-11-01T21:35:11
31c99a15-180b-4ca7-ba74-541e9c5217e3,tallis.solrek@proton.me,0,2025-11-01T21:35:12
55027686-0d18-4c53-a7a7-f4dd6a5ab18b,ulrex.varnik@gmail.com,0,2025-11-01T21:35:13
7c268d83-d307-4915-913f-ee18643cbf47,vexron.solven@yahoo.com,0,2025-11-01T21:35:14
d730306b-1630-4987-b09c-02c1556e3bf4,wexla.marvik@proton.me,0,2025-11-01T21:35:15
2a581caf-98ce-4e55-a30d-1093b2ba427c,xarvin.solrek@gmail.com,0,2025-11-01T21:35:16
6c3ff521-88f1-42e6-944c-86dac5f915c7,yorin.varrik@yahoo.com,0,2025-11-01T21:35:17
28fee84a-54d2-4b79-850f-8bcb5e0ad710,zarla.solven@outlook.fr,0,2025-11-01T21:35:18
d7301ded-64a7-4ab5-8a6c-157e5cbb059c,alrix.marvik@outlook.com,0,2025-11-01T21:35:19
9c169abe-c80e-4877-abd3-27d108742e28,brenor.solrek@yahoo.com,0,2025-11-01T21:35:20
d06b3f4e-38b1-4010-b72e-ab8f3b9997e8,corvin.varrik@outlook.fr,0,2025-11-01T21:35:21
62f0381c-7fc1-498c-87d6-131097064ac4,dallis.solven@outlook.com,0,2025-11-01T21:35:22
98d21f39-cf0f-42e6-a6d2-9197aa273883,elara.marvik@proton.me,0,2025-11-01T21:35:23
c57a6b18-a789-435e-991d-8c002e934bea,ferran.solrek@yahoo.com,0,2025-11-01T21:35:24
0326e2cc-96f0-432f-bcce-dedf2564a4e0,galin.varrik@proton.me,0,2025-11-01T21:35:25
3c8532c6-9593-47a4-a5f5-ca803d949933,halven.solven@yahoo.com,0,2025-11-01T21:35:26
5733549c-0bec-4d6a-ab74-7fb10dad6b4f,ivrix.marvik@yahoo.com,0,2025-11-01T21:35:27
868e42e6-980f-42b8-a8a8-aec5253cd1d6,jorven.solrek@proton.me,0,2025-11-01T21:35:28
f4c70c36-ace8-440d-9a43-715759fbdb6c,kalra.varnik@mailfence.com,0,2025-11-01T21:35:29
128eba69-cf2d-4cb2-88ef-adb9bdd83241,lorin.solven@yahoo.com,0,2025-11-01T21:35:30
cd17f4a9-aae6-4169-bf50-9769e7798c04,marra.marvik@proton.me,0,2025-11-01T21:35:31
b1c4eeed-7921-4a23-bcd0-1b7c9c32fe0d,norris.solrek@proton.me,0,2025-11-01T21:35:32
43cfd99f-6ba3-4212-9684-24c21433a9c7,orlia.varrik@yahoo.com,0,2025-11-01T21:35:33
c8d15a34-718d-4069-907f-da554879429e,pyxis.solven@mailfence.com,0,2025-11-01T21:35:34
9b5c3410-c762-4eb0-b97f-16d1c3b9d6d4,qallen.marvik@proton.me,0,2025-11-01T21:35:35
19c845de-ca48-4746-acb3-4e423531ba86,riven.solrek@proton.me,0,2025-11-01T21:35:36
f7240806-d65e-4cdf-8310-b9a06c6518a2,sylra.varrik@mailfence.com,0,2025-11-01T21:35:37
4be629b2-b03e-4c9b-b83b-a90a712b92d0,tallis.solven@proton.me,0,2025-11-01T21:35:38
18e9bc55-63de-4572-b890-1f743c34e8b9,ulrex.marvik@proton.me,0,2025-11-01T21:35:39
549eb53a-da70-424d-a112-f4c60e0cd755,vexron.solrek@mailfence.com,0,2025-11-01T21:35:40
cb107024-81b8-4236-9d4c-6b90e60b9b81,wexla.varrik@proton.me,0,2025-11-01T21:35:41
7b070810-5ced-482a-9928-7cd64ff52981,xarvin.solven@proton.me,0,2025-11-01T21:35:42
c4cbcc71-5820-4341-90ab-c32eca33e8ce,yorin.marvik@mailfence.com,0,2025-11-01T21:35:43
6493f590-bc9d-43a5-b101-ea37285f756a,zarla.solrek@proton.me,0,2025-11-01T21:35:44
5ce04576-0bf7-44db-9480-8182ccd6d94b,alrix.varnik@proton.me,0,2025-11-01T21:35:45
8ce10e08-99d1-4687-aa5b-95049d6fd19f,brenor.solven@mailfence.com,0,2025-11-01T21:35:46
806eb6b9-55ff-4218-9d97-487477329390,corvin.marvik@proton.me,0,2025-11-01T21:35:47
7a5022e0-ce05-4ea6-82af-7c569c5e5b7c,dallis.solrek@mailfence.com,0,2025-11-01T21:35:48
8030e3b1-0a92-449b-8a4c-fd72dd6dee3e,elara.varrik@mailfence.com,0,2025-11-01T21:35:49
5b56f84a-2a0d-4bf7-b85f-1ba3b763c554,ferran.solven@proton.me,0,2025-11-01T21:35:50
4b9fd404-05ee-43b5-88a4-2c987291e6bc,galin.marvik@proton.me,0,2025-11-01T21:35:51
4ff047e6-b678-4905-a0f0-9d2654b0bc89,halven.solrek@mailfence.com,0,2025-11-01T21:35:52
7de2ed62-a602-481c-ab0a-4a8290530b8b,ivrix.varnik@proton.me,0,2025-11-01T21:35:53
3dc1934d-82bf-4640-82bc-8e68785d3e39,jorven.solven@proton.me,0,2025-11-01T21:35:54
e8a2f076-b22c-4130-9687-06b1eca68fb2,kalra.marvik@mailfence.com,0,2025-11-01T21:35:55
192894a3-2771-4813-bf9a-c8ac22281369,lorin.solrek@proton.me,0,2025-11-01T21:35:56
b75035ad-2dfd-4dc7-8ba1-eb2dbe605229,mauricelambert434@mailbox.fr,0,2025-11-01T21:35:57

